1,1.0,2.0,1.0,1.0,1.0,1.0,3.0,3.0,0.337857147626047,1.0,1.0,1.0,0.5,1.0,1.0,1.0,0.7499779895534465,0.21875,1.0,0.6245608908181276,2.0,1.0,0.5398614521989489,0.39999999999999997,1.0
2,2.0,1.0,2.0,4.0,1.0,1.0,1.0,2.0,0.8064152812554853,1.0,3.0,4.0,0.8636363636363636,1.0,1.0,1.0,0.08333088772816072,0.40625,3.0,0.12491217816362553,1.0,1.0,0.24982435632725106,0.2654782562767414,0.24477428795271758
3,2.0,2.0,1.0,1.0,1.0,1.0,1.0,1.0,0.9290911555301277,1.0,2.0,4.0,0.3181818181818182,1.0,1.0,1.0,0.4239427948454216,0.53125,1.0,0.8027187279659758,2.0,3.0,0.32289329643637205,0.46984085833003825,0.9429391352035449
4,1.0,2.0,2.0,1.0,1.0,1.0,2.0,1.0,0.26140197200678245,1.0,1.0,3.0,0.9545454545454546,3.0,1.0,1.0,0.16666177545632144,0.65625,3.0,0.24982435632725106,1.0,1.0,0.12491217816362553,0.8778976819337969,0.7095312956589116
5,1.0,2.0,2.0,1.0,1.0,1.0,1.0,3.0,0.337857147626047,1.0,5.0,2.0,0.8636363636363636,3.0,1.0,1.0,0.08333088772816072,0.59375,1.0,0.24982435632725106,2.0,2.0,0.12491217816362553,0.7896430653694837,0.20902889123881105
6,2.0,1.0,1.0,4.0,1.0,1.0,3.0,3.0,0.675714295252094,1.0,1.0,2.0,0.3181818181818182,3.0,1.0,1.0,0.8539688970690967,0.71875,2.0,0.9815575220697588,1.0,3.0,0.6976298309272486,0.38495466358889485,0.7422306539391746
7,1.0,2.0,2.0,1.0,1.0,1.0,3.0,3.0,0.8115816774297799,1.0,4.0,4.0,0.7727272727272727,2.0,1.0,1.0,0.5268118803005638,0.53125,1.0,0.24982435632725106,2.0,2.0,0.32289329643637205,0.21942160277107195,0.40769729432881885
8,1.0,1.0,1.0,3.0,1.0,1.0,1.0,3.0,0.13070098600339122,1.0,1.0,3.0,0.045454545454545456,2.0,1.0,1.0,0.906477639309798,0.03125,3.0,0.4478054745999976,2.0,2.0,0.37473653449087657,0.09304955123423064,0.5167327605333962
9,2.0,2.0,2.0,1.0,1.0,1.0,2.0,3.0,0.39210295801017364,1.0,5.0,5.0,0.8636363636363636,3.0,1.0,1.0,0.9957896680052435,0.15625,2.0,0.12491217816362553,1.0,2.0,0.6899601551528175,0.8396590169322542,0.9536021565378943
10,1.0,1.0,1.0,4.0,1.0,1.0,3.0,1.0,0.13070098600339122,1.0,5.0,5.0,0.9545454545454546,3.0,1.0,1.0,0.988200839821135,0.53125,3.0,0.8799306132920991,2.0,3.0,0.12491217816362553,0.21203943449668983,0.7604665919752919
11,1.0,1.0,2.0,2.0,1.0,1.0,2.0,3.0,0.6859093004814018,1.0,5.0,4.0,0.6818181818181818,3.0,1.0,1.0,0.40060115327940304,0.84375,3.0,0.4996487126545021,2.0,1.0,0.8109115105808163,0.00447672152973355,0.7103573124250598
12,1.0,2.0,2.0,4.0,1.0,1.0,1.0,3.0,0.43417927743414525,1.0,2.0,3.0,0.5,3.0,1.0,1.0,0.8774267953490179,0.53125,1.0,0.8980966462640311,1.0,2.0,0.887941273425564,0.9684890965161119,0.7696115302118209
13,1.0,2.0,2.0,1.0,1.0,1.0,3.0,2.0,0.7656438920523007,1.0,4.0,3.0,0.8636363636363636,3.0,1.0,1.0,0.78962127867784,0.78125,3.0,0.24982435632725106,1.0,3.0,0.956603877148215,0.030528461772059038,0.35724363334497933
14,2.0,1.0,2.0,4.0,1.0,1.0,3.0,2.0,0.9833369659142543,1.0,5.0,1.0,0.045454545454545456,1.0,1.0,1.0,0.08333088772816072,0.59375,2.0,0.6004971745198415,1.0,1.0,0.7896858085261999,0.33258860855184236,0.9317886361170187
15,1.0,1.0,2.0,3.0,1.0,1.0,2.0,1.0,0.13070098600339122,1.0,5.0,6.0,0.6818181818181818,3.0,1.0,1.0,0.8148158474786069,0.84375,3.0,0.12491217816362553,2.0,3.0,0.4996487126545021,0.7255176884008113,0.9832541702150602
16,1.0,2.0,2.0,4.0,1.0,1.0,3.0,3.0,0.13070098600339122,1.0,3.0,5.0,0.045454545454545456,1.0,1.0,1.0,0.08333088772816072,0.09375,2.0,0.9276309061296012,2.0,3.0,0.12491217816362553,0.005990921022020379,0.8951157852764989
17,1.0,1.0,2.0,1.0,1.0,1.0,3.0,4.0,0.337857147626047,1.0,3.0,1.0,0.8636363636363636,1.0,1.0,1.0,0.08333088772816072,0.78125,2.0,0.24982435632725106,2.0,2.0,0.12491217816362553,0.6065802341349281,0.9311510321540162
18,1.0,1.0,1.0,1.0,1.0,1.0,2.0,2.0,0.7590270143845761,1.0,2.0,2.0,0.5,3.0,1.0,1.0,0.3820689953854217,0.78125,2.0,0.12491217816362553,1.0,2.0,0.929714284015254,0.3010435374339463,0.7723869923671979
19,1.0,2.0,2.0,4.0,1.0,1.0,1.0,3.0,0.8166102864847931,1.0,3.0,6.0,0.3181818181818182,2.0,1.0,1.0,0.46028332121972676,0.34375,2.0,0.12491217816362553,1.0,2.0,0.12491217816362553,0.47219000184626236,0.5181685557736836
20,1.0,2.0,1.0,1.0,1.0,1.0,2.0,2.0,0.13070098600339122,1.0,2.0,1.0,0.5,1.0,1.0,1.0,0.5991344631012033,0.09375,1.0,0.8743852471453787,1.0,3.0,0.6354860648270869,0.34718515366581454,0.9645821119171977
21,1.0,1.0,2.0,2.0,1.0,1.0,1.0,1.0,0.39210295801017364,1.0,3.0,6.0,0.8636363636363636,1.0,1.0,1.0,0.5714816443468357,0.53125,2.0,0.7984782927925881,1.0,2.0,0.12491217816362553,0.2085051022847704,0.4585445553886769
22,1.0,1.0,2.0,4.0,1.0,1.0,1.0,4.0,0.26140197200678245,1.0,5.0,5.0,0.6818181818181818,3.0,1.0,1.0,0.9922117634141462,0.46875,2.0,0.24982435632725106,2.0,1.0,0.24982435632725106,0.8798105514101496,0.7779916845069557
23,1.0,1.0,2.0,1.0,1.0,1.0,3.0,3.0,0.337857147626047,1.0,2.0,1.0,0.8636363636363636,1.0,1.0,1.0,0.08333088772816072,0.78125,2.0,0.24982435632725106,2.0,2.0,0.12491217816362553,0.6065802341349281,0.9311510321540162
24,1.0,1.0,2.0,4.0,1.0,1.0,2.0,1.0,0.26140197200678245,1.0,3.0,3.0,0.045454545454545456,3.0,1.0,1.0,0.08333088772816072,0.15625,1.0,0.12491217816362553,1.0,3.0,0.8980966462640311,0.7428489695509896,0.38591610418580985
25,1.0,1.0,2.0,4.0,1.0,1.0,3.0,4.0,0.337857147626047,1.0,3.0,1.0,0.8636363636363636,3.0,1.0,1.0,0.08333088772816072,0.78125,2.0,0.24982435632725106,2.0,2.0,0.12491217816362553,0.6065802341349281,0.9311510321540162
26,1.0,1.0,1.0,2.0,1.0,1.0,3.0,3.0,0.9027374110635834,1.0,3.0,2.0,0.3181818181818182,3.0,1.0,1.0,0.40060115327940304,0.90625,3.0,0.9964594110653346,1.0,2.0,0.12491217816362553,0.31161677142124744,0.7254478151651979
27,1.0,2.0,2.0,4.0,1.0,1.0,2.0,1.0,0.4976250423777936,1.0,4.0,3.0,0.13636363636363635,3.0,1.0,1.0,0.7401985306756989,0.28125,2.0,0.5570373168557271,2.0,2.0,0.4996487126545021,0.14428148884343198,0.7491981107587294
28,1.0,1.0,2.0,4.0,1.0,1.0,2.0,2.0,0.8354821900038407,1.0,4.0,2.0,0.7727272727272727,1.0,1.0,1.0,0.16666177545632144,0.59375,2.0,0.24982435632725106,2.0,1.0,0.7941356686853687,0.7613027910132472,0.2596401687821948
29,1.0,2.0,2.0,4.0,1.0,1.0,1.0,3.0,0.39210295801017364,1.0,1.0,2.0,0.3181818181818182,1.0,1.0,1.0,0.6243027692461214,0.40625,1.0,0.12491217816362553,2.0,3.0,0.12491217816362553,0.49415665776469214,0.8642314027945514
30,2.0,1.0,1.0,3.0,1.0,1.0,2.0,2.0,0.83093831557142,1.0,5.0,4.0,0.5909090909090909,3.0,1.0,1.0,0.36015010484424237,0.40625,3.0,0.12491217816362553,1.0,3.0,0.6647736303625744,0.45270521539446373,0.04551961880848691
31,1.0,2.0,2.0,4.0,1.0,1.0,1.0,1.0,0.6143521058105431,1.0,1.0,6.0,0.9545454545454546,3.0,1.0,1.0,0.21540721992910022,0.46875,2.0,0.12491217816362553,2.0,2.0,0.24982435632725106,0.3720493079621707,0.20029805099719353
32,2.0,1.0,2.0,4.0,1.0,1.0,2.0,2.0,0.5828521095705937,1.0,5.0,4.0,0.5909090909090909,3.0,1.0,1.0,0.31727026555124227,0.78125,2.0,0.12491217816362553,1.0,2.0,0.6129303923080699,0.018347810776567112,0.13958846443156916
33,1.0,2.0,2.0,1.0,1.0,1.0,3.0,4.0,0.13070098600339122,1.0,1.0,5.0,0.045454545454545456,2.0,1.0,1.0,0.08333088772816072,0.09375,2.0,0.9276309061296012,2.0,3.0,0.12491217816362553,0.005990921022020379,0.8951157852764989
34,2.0,2.0,2.0,3.0,1.0,1.0,3.0,4.0,0.5992591196328295,1.0,1.0,4.0,0.22727272727272727,3.0,1.0,1.0,0.8057167690803896,0.78125,1.0,0.6245608908181276,2.0,2.0,0.32289329643637205,0.8244299329815127,0.5911669722538601
35,2.0,2.0,1.0,1.0,1.0,1.0,2.0,2.0,0.13070098600339122,1.0,2.0,6.0,0.5909090909090909,3.0,1.0,1.0,0.16666177545632144,0.03125,3.0,0.12491217816362553,2.0,3.0,0.6555300565490574,0.5386211178614055,0.3440302518752392
36,2.0,2.0,2.0,3.0,1.0,1.0,1.0,1.0,0.9027374110635834,1.0,2.0,6.0,0.7727272727272727,1.0,1.0,1.0,0.40889554931702116,0.90625,2.0,0.24982435632725106,1.0,2.0,0.475584996356216,0.27784994882132563,0.07930046380667329
37,1.0,2.0,1.0,1.0,1.0,1.0,1.0,1.0,0.26140197200678245,1.0,4.0,5.0,0.7727272727272727,2.0,1.0,1.0,0.4653998831135824,0.28125,3.0,0.37473653449087657,1.0,2.0,0.5727176527636231,0.9631338188740486,0.5995645168435157
38,1.0,1.0,2.0,3.0,1.0,1.0,1.0,3.0,0.9318043198119389,1.0,2.0,1.0,0.4090909090909091,3.0,1.0,1.0,0.953377784118757,0.96875,3.0,0.24982435632725106,2.0,1.0,0.8225420090908742,0.9618805031869162,0.3754751623045982
39,1.0,2.0,1.0,2.0,1.0,1.0,3.0,4.0,0.7590270143845761,1.0,3.0,3.0,0.22727272727272727,3.0,1.0,1.0,0.21540721992910022,0.53125,3.0,0.5208744147091185,1.0,3.0,0.7378425704716953,0.983771135102976,0.8655775530224444
40,1.0,2.0,2.0,1.0,1.0,1.0,2.0,2.0,0.5648802634375365,1.0,2.0,3.0,0.5909090909090909,2.0,1.0,1.0,0.9025824478824827,0.28125,1.0,0.24982435632725106,2.0,1.0,0.5871421635198218,0.7021887000441607,0.0043127905209282185
41,2.0,1.0,2.0,1.0,1.0,1.0,1.0,3.0,0.39210295801017364,1.0,2.0,6.0,0.3181818181818182,2.0,1.0,1.0,0.8109194536212634,0.65625,3.0,0.4996487126545021,1.0,3.0,0.12491217816362553,0.587761400303831,0.1251091914490002
42,1.0,2.0,2.0,2.0,1.0,1.0,3.0,1.0,0.13070098600339122,1.0,2.0,5.0,0.045454545454545456,2.0,1.0,1.0,0.08333088772816072,0.09375,2.0,0.9276309061296012,2.0,3.0,0.12491217816362553,0.005990921022020379,0.8951157852764989
43,2.0,2.0,2.0,3.0,1.0,1.0,1.0,3.0,0.9913620776430032,1.0,2.0,5.0,0.6818181818181818,1.0,1.0,1.0,0.5206453461564537,0.03125,2.0,0.9601375233063116,2.0,1.0,0.7550184351284736,0.25949856621837064,0.6872640233417929
44,1.0,1.0,2.0,4.0,1.0,1.0,2.0,2.0,0.26140197200678245,1.0,2.0,3.0,0.045454545454545456,3.0,1.0,1.0,0.08333088772816072,0.15625,1.0,0.12491217816362553,1.0,3.0,0.8980966462640311,0.7428489695509896,0.38591610418580985
45,1.0,1.0,2.0,3.0,1.0,1.0,2.0,1.0,0.9058542037499878,1.0,4.0,5.0,0.4090909090909091,2.0,1.0,1.0,0.739688037091324,0.78125,2.0,0.8715472329017091,1.0,1.0,0.6354860648270869,0.012265024025206255,0.14771338113724694
46,1.0,2.0,2.0,4.0,1.0,1.0,1.0,3.0,0.6649364096070336,1.0,3.0,6.0,0.13636363636363635,3.0,1.0,1.0,0.46028332121972676,0.15625,2.0,0.9276309061296012,1.0,2.0,0.12491217816362553,0.07287709856050596,0.8665447981735341
47,1.0,2.0,2.0,1.0,1.0,1.0,1.0,1.0,0.13070098600339122,1.0,4.0,5.0,0.5909090909090909,3.0,1.0,1.0,0.8932561863524258,0.15625,3.0,0.5570373168557271,1.0,3.0,0.12491217816362553,0.4123765999405745,0.34172034151621866
48,1.0,2.0,2.0,4.0,1.0,1.0,2.0,2.0,0.39210295801017364,1.0,3.0,5.0,0.22727272727272727,1.0,1.0,1.0,0.40889554931702116,0.84375,1.0,0.6735661146289625,2.0,1.0,0.6899601551528175,0.3398443887816604,0.729792024277414
49,2.0,1.0,2.0,2.0,1.0,1.0,2.0,1.0,0.13070098600339122,1.0,2.0,4.0,0.7727272727272727,1.0,1.0,1.0,0.6451033162950567,0.40625,2.0,0.7656220922279139,1.0,3.0,0.6354860648270869,0.7550589483474432,0.2028748411666849
50,1.0,2.0,2.0,1.0,1.0,1.0,2.0,1.0,0.39210295801017364,1.0,3.0,5.0,0.22727272727272727,3.0,1.0,1.0,0.40889554931702116,0.84375,1.0,0.6735661146289625,2.0,1.0,0.6899601551528175,0.3398443887816604,0.729792024277414
51,2.0,2.0,2.0,2.0,1.0,1.0,1.0,2.0,0.5450133092487028,1.0,3.0,3.0,0.7727272727272727,3.0,1.0,1.0,0.39169181442540274,0.40625,1.0,0.5727176527636231,2.0,2.0,0.12491217816362553,0.6615752475525071,0.982669354277859
52,1.0,1.0,2.0,1.0,1.0,1.0,1.0,1.0,0.46855813362943827,1.0,1.0,6.0,0.9545454545454546,2.0,1.0,1.0,0.29873810765726094,0.90625,1.0,0.32289329643637205,2.0,3.0,0.24982435632725106,0.9398618366284545,0.8154138218320744
53,1.0,2.0,1.0,1.0,1.0,1.0,2.0,2.0,0.43417927743414525,1.0,5.0,3.0,0.5,2.0,1.0,1.0,0.6160083732085032,0.28125,2.0,0.12491217816362553,2.0,2.0,0.475584996356216,0.19104335145252901,0.20393917198619574
54,1.0,2.0,2.0,1.0,1.0,1.0,2.0,2.0,0.337857147626047,1.0,3.0,1.0,0.5909090909090909,3.0,1.0,1.0,0.5206453461564537,0.65625,3.0,0.6555300565490574,2.0,2.0,0.8743852471453787,0.8749744658533422,0.46667786216313206
55,2.0,1.0,1.0,4.0,1.0,1.0,1.0,1.0,0.5828521095705937,1.0,4.0,4.0,0.045454545454545456,1.0,1.0,1.0,0.745187672251873,0.71875,1.0,0.475584996356216,1.0,1.0,0.9950234657787189,0.24823437855219177,0.5682292975683909
56,1.0,2.0,2.0,4.0,1.0,1.0,2.0,2.0,0.337857147626047,1.0,1.0,1.0,0.5909090909090909,3.0,1.0,1.0,0.5206453461564537,0.65625,3.0,0.6555300565490574,2.0,2.0,0.8743852471453787,0.8749744658533422,0.46667786216313206
57,2.0,2.0,2.0,3.0,1.0,1.0,3.0,2.0,0.9546113453393338,1.0,1.0,1.0,0.045454545454545456,3.0,1.0,1.0,0.8089228539723676,0.21875,3.0,0.9436601485936961,2.0,2.0,0.5570373168557271,0.5221072014912821,0.7282342025063828
58,1.0,2.0,2.0,1.0,1.0,1.0,3.0,2.0,0.13070098600339122,1.0,5.0,1.0,0.5,2.0,1.0,1.0,0.5693907906292326,0.28125,3.0,0.24982435632725106,1.0,3.0,0.7437516303442471,0.9047837740903333,0.30428235764803996
59,1.0,2.0,2.0,4.0,1.0,1.0,3.0,1.0,0.26140197200678245,1.0,2.0,3.0,0.13636363636363635,3.0,1.0,1.0,0.6131113400509334,0.09375,2.0,0.9005485232697931,1.0,1.0,0.12491217816362553,0.7482392152901978,0.35670717748481073
60,1.0,1.0,1.0,1.0,1.0,1.0,1.0,2.0,0.9344789981941681,1.0,4.0,4.0,0.9545454545454546,3.0,1.0,1.0,0.590604570301743,0.90625,1.0,0.5570373168557271,1.0,3.0,0.5208744147091185,0.35204319002726103,0.7777321788417398
61,2.0,1.0,1.0,1.0,1.0,1.0,3.0,3.0,0.9593256324940144,1.0,3.0,2.0,0.8636363636363636,1.0,1.0,1.0,0.2768192171160816,0.40625,2.0,0.12491217816362553,2.0,2.0,0.865733497114947,0.8985662988887941,0.8188150315010491
62,2.0,1.0,2.0,1.0,1.0,1.0,3.0,4.0,0.39210295801017364,1.0,3.0,5.0,0.13636363636363635,2.0,1.0,1.0,0.8318917167638015,0.65625,2.0,0.9255231606987846,2.0,1.0,0.5871421635198218,0.2874822287007269,0.3009634902958898
63,1.0,1.0,2.0,4.0,1.0,1.0,3.0,2.0,0.4976250423777936,1.0,3.0,5.0,0.7727272727272727,3.0,1.0,1.0,0.5650967249319955,0.53125,1.0,0.9077101350483175,1.0,1.0,0.7706987710363696,0.17569368896105134,0.6714298761068721
64,2.0,2.0,1.0,3.0,1.0,1.0,2.0,3.0,0.9546113453393338,1.0,2.0,3.0,0.9545454545454546,1.0,1.0,1.0,0.08333088772816072,0.28125,2.0,0.8771792593915195,1.0,3.0,0.6245608908181276,0.6450923328538792,0.6953835463108397
65,1.0,2.0,2.0,3.0,1.0,1.0,1.0,1.0,0.43417927743414525,1.0,3.0,4.0,0.13636363636363635,3.0,1.0,1.0,0.6857147664331028,0.90625,2.0,0.12491217816362553,1.0,2.0,0.24982435632725106,0.6687814864128258,0.4835659664591512
66,1.0,1.0,1.0,3.0,1.0,1.0,3.0,3.0,0.8683585548682905,1.0,3.0,6.0,0.22727272727272727,3.0,1.0,1.0,0.6131113400509334,0.53125,3.0,0.24982435632725106,1.0,3.0,0.5208744147091185,0.37043326362701784,0.6935105762439063
67,1.0,2.0,2.0,1.0,1.0,1.0,2.0,3.0,0.337857147626047,1.0,1.0,1.0,0.5909090909090909,2.0,1.0,1.0,0.5206453461564537,0.65625,3.0,0.6555300565490574,2.0,2.0,0.8743852471453787,0.8749744658533422,0.46667786216313206
68,2.0,2.0,2.0,3.0,1.0,1.0,1.0,2.0,0.39210295801017364,1.0,2.0,1.0,0.7727272727272727,1.0,1.0,1.0,0.08333088772816072,0.21875,2.0,0.475584996356216,2.0,3.0,0.12491217816362553,0.7628619218436689,0.2370239132635373
69,2.0,1.0,2.0,4.0,1.0,1.0,1.0,3.0,0.13070098600339122,1.0,4.0,1.0,0.4090909090909091,2.0,1.0,1.0,0.16666177545632144,0.28125,2.0,0.9815575220697588,1.0,3.0,0.6735661146289625,0.03040264449413955,0.40834670095638276
70,1.0,1.0,2.0,2.0,1.0,1.0,3.0,2.0,0.8215082674331988,1.0,1.0,3.0,0.3181818181818182,1.0,1.0,1.0,0.5436142089478875,0.09375,3.0,0.8686638085078726,1.0,3.0,0.24982435632725106,0.31697633422999494,0.7760385249137304
71,2.0,2.0,1.0,1.0,1.0,1.0,3.0,2.0,0.13070098600339122,1.0,3.0,3.0,0.8636363636363636,1.0,1.0,1.0,0.5268118803005638,0.90625,1.0,0.7941356686853687,2.0,2.0,0.12491217816362553,0.6882132972478814,0.302392714417653
72,2.0,1.0,2.0,1.0,1.0,1.0,2.0,2.0,0.8064152812554853,1.0,4.0,3.0,0.4090909090909091,2.0,1.0,1.0,0.31727026555124227,0.90625,1.0,0.6819494950193525,1.0,1.0,0.37473653449087657,0.7982057466054047,0.46638715098185735
73,1.0,2.0,1.0,2.0,1.0,1.0,1.0,3.0,0.26140197200678245,1.0,2.0,2.0,0.045454545454545456,2.0,1.0,1.0,0.2768192171160816,0.34375,2.0,0.475584996356216,1.0,2.0,0.5871421635198218,0.41032571185001687,0.885938486606158
74,1.0,2.0,2.0,4.0,1.0,1.0,1.0,4.0,0.6859093004814018,1.0,2.0,3.0,0.5,3.0,1.0,1.0,0.31727026555124227,0.78125,1.0,0.8403991984910987,2.0,1.0,0.8686638085078726,0.5735793749646149,0.7772902844432238
75,1.0,1.0,1.0,3.0,1.0,1.0,2.0,1.0,0.26140197200678245,1.0,2.0,6.0,0.4090909090909091,3.0,1.0,1.0,0.08333088772816072,0.84375,3.0,0.12491217816362553,2.0,1.0,0.24982435632725106,0.7034186366235594,0.42879132033792927
76,2.0,1.0,2.0,2.0,1.0,1.0,1.0,4.0,0.13070098600339122,1.0,5.0,5.0,0.5909090909090909,1.0,1.0,1.0,0.5072736825735823,0.53125,1.0,0.7049863699070212,2.0,2.0,0.5208744147091185,0.056240381795400245,0.5369369989310642
77,1.0,2.0,2.0,4.0,1.0,1.0,1.0,1.0,0.46855813362943827,1.0,3.0,5.0,0.5,1.0,1.0,1.0,0.6816390860065958,0.15625,3.0,0.12491217816362553,1.0,2.0,0.5398614521989489,0.24517462033759743,0.501843083165391
78,2.0,2.0,1.0,3.0,1.0,1.0,2.0,1.0,0.8606610916396119,1.0,5.0,3.0,0.22727272727272727,1.0,1.0,1.0,0.24999266318448213,0.09375,2.0,0.9029674881797677,2.0,3.0,0.8743852471453787,0.6329209623356644,0.3886395952069803
79,2.0,1.0,1.0,1.0,1.0,1.0,3.0,3.0,0.4976250423777936,1.0,1.0,5.0,0.5909090909090909,2.0,1.0,1.0,0.4166544386408036,0.46875,2.0,0.24982435632725106,2.0,3.0,0.32289329643637205,0.04298224850196363,0.5237554881875722
80,1.0,1.0,1.0,2.0,1.0,1.0,1.0,3.0,0.43417927743414525,1.0,2.0,2.0,0.3181818181818182,1.0,1.0,1.0,0.36015010484424237,0.40625,3.0,0.6129303923080699,1.0,2.0,0.7188555329818651,0.6866933491272647,0.09065464018949543
81,1.0,2.0,2.0,1.0,1.0,1.0,2.0,4.0,0.46855813362943827,1.0,5.0,5.0,0.8636363636363636,3.0,1.0,1.0,0.08333088772816072,0.84375,2.0,0.41494927403532333,2.0,2.0,0.6129303923080699,0.39437996323820124,0.6279585607948902
82,2.0,2.0,1.0,4.0,1.0,1.0,2.0,2.0,0.9058542037499878,1.0,3.0,4.0,0.6818181818181818,3.0,1.0,1.0,0.9865713616567215,0.46875,2.0,0.32289329643637205,2.0,1.0,0.7049863699070212,0.5492742373784982,0.4101679727097413
83,1.0,2.0,2.0,3.0,1.0,1.0,2.0,3.0,0.7376575688648993,1.0,4.0,1.0,0.4090909090909091,1.0,1.0,1.0,0.08333088772816072,0.28125,2.0,0.5727176527636231,1.0,3.0,0.6004971745198415,0.80029139843092,0.5712790034965279
84,1.0,2.0,2.0,3.0,1.0,1.0,1.0,4.0,0.26140197200678245,1.0,5.0,5.0,0.5,2.0,1.0,1.0,0.7698444681200061,0.40625,3.0,0.475584996356216,1.0,1.0,0.37473653449087657,0.7683051610851946,0.9107633434916446
85,1.0,1.0,2.0,1.0,1.0,1.0,2.0,2.0,0.7047812040004494,1.0,1.0,4.0,0.13636363636363635,3.0,1.0,1.0,0.745187672251873,0.96875,1.0,0.12491217816362553,2.0,3.0,0.7378425704716953,0.6233441573678526,0.20672625306543088
86,1.0,2.0,1.0,3.0,1.0,1.0,2.0,2.0,0.5228039440135649,1.0,4.0,6.0,0.5909090909090909,1.0,1.0,1.0,0.6381655612677011,0.46875,3.0,0.5871421635198218,2.0,3.0,0.4478054745999976,0.18512779844174898,0.900580177632179
87,1.0,1.0,2.0,1.0,1.0,1.0,1.0,4.0,0.337857147626047,1.0,5.0,1.0,0.5909090909090909,1.0,1.0,1.0,0.08333088772816072,0.65625,3.0,0.6245608908181276,2.0,2.0,0.12491217816362553,0.4824107306868499,0.2782408515608292
88,1.0,1.0,2.0,3.0,1.0,1.0,1.0,4.0,0.8399191397584053,1.0,2.0,6.0,0.8636363636363636,2.0,1.0,1.0,0.3820689953854217,0.40625,2.0,0.5570373168557271,2.0,1.0,0.37473653449087657,0.9655904833220287,0.904406501223341
89,1.0,2.0,2.0,2.0,1.0,1.0,1.0,2.0,0.337857147626047,1.0,2.0,3.0,0.6818181818181818,3.0,1.0,1.0,0.24999266318448213,0.78125,3.0,0.7851232817925683,1.0,3.0,0.32289329643637205,0.5656578742751662,0.8989930246734859
90,2.0,1.0,1.0,3.0,1.0,1.0,1.0,4.0,0.46855813362943827,1.0,3.0,3.0,0.8636363636363636,3.0,1.0,1.0,0.6765585670026754,0.59375,3.0,0.12491217816362553,2.0,3.0,0.12491217816362553,0.9746515720425882,0.6543271012586872
91,1.0,1.0,2.0,4.0,1.0,1.0,2.0,4.0,0.8442540815773761,1.0,5.0,4.0,0.13636363636363635,1.0,1.0,1.0,0.08333088772816072,0.78125,2.0,0.6004971745198415,1.0,1.0,0.6245608908181276,0.8189448419146613,0.9519098926507888
92,1.0,2.0,2.0,1.0,1.0,1.0,3.0,1.0,0.7720364250601922,1.0,4.0,3.0,0.22727272727272727,1.0,1.0,1.0,0.5326774854803425,0.34375,2.0,0.37473653449087657,1.0,3.0,0.12491217816362553,0.489681338175627,0.38160933969662764
93,1.0,1.0,2.0,1.0,1.0,1.0,3.0,4.0,0.43417927743414525,1.0,5.0,6.0,0.9545454545454546,2.0,1.0,1.0,0.08333088772816072,0.53125,2.0,0.12491217816362553,1.0,2.0,0.12491217816362553,0.24155900884696535,0.4138124203737177
94,1.0,2.0,1.0,3.0,1.0,1.0,1.0,2.0,0.5828521095705937,1.0,4.0,1.0,0.5,1.0,1.0,1.0,0.2768192171160816,0.84375,2.0,0.4996487126545021,1.0,3.0,0.814872333316443,0.0813315793156375,0.34250484451386926
95,1.0,2.0,1.0,3.0,1.0,1.0,2.0,4.0,0.46855813362943827,1.0,1.0,2.0,0.5,2.0,1.0,1.0,0.5672629287357245,0.09375,2.0,0.37473653449087657,1.0,1.0,0.6004971745198415,0.5938912459938132,0.39237631717661503
96,2.0,1.0,1.0,1.0,1.0,1.0,3.0,3.0,0.4976250423777936,1.0,5.0,1.0,0.6818181818181818,2.0,1.0,1.0,0.16666177545632144,0.78125,3.0,0.12491217816362553,2.0,1.0,0.5208744147091185,0.3296445080905144,0.14773124737927942
97,1.0,2.0,1.0,1.0,1.0,1.0,2.0,3.0,0.39210295801017364,1.0,5.0,3.0,0.8636363636363636,2.0,1.0,1.0,0.4795598843309793,0.34375,1.0,0.12491217816362553,2.0,3.0,0.9876669267989464,0.24095271825791342,0.6478431056615533
98,1.0,2.0,2.0,4.0,1.0,1.0,1.0,1.0,0.6859093004814018,1.0,4.0,6.0,0.4090909090909091,3.0,1.0,1.0,0.21540721992910022,0.53125,1.0,0.8470744127274248,1.0,1.0,0.7120543416834474,0.47686274708241316,0.08139639085626953
99,1.0,2.0,2.0,2.0,1.0,1.0,1.0,4.0,0.6535049300169562,1.0,5.0,4.0,0.9545454545454546,2.0,1.0,1.0,0.5326774854803425,0.46875,2.0,0.24982435632725106,2.0,1.0,0.5208744147091185,0.09629978100012335,0.8648887252552085
100,2.0,2.0,2.0,2.0,1.0,1.0,3.0,4.0,0.13070098600339122,1.0,4.0,2.0,0.8636363636363636,1.0,1.0,1.0,0.37160839554407465,0.71875,2.0,0.24982435632725106,2.0,3.0,0.37473653449087657,0.9997733619328438,0.3846533546695363
101,1.0,1.0,1.0,4.0,1.0,1.0,3.0,3.0,0.8354821900038407,1.0,5.0,5.0,0.5909090909090909,2.0,1.0,1.0,0.8804786627845144,0.78125,1.0,0.4996487126545021,2.0,3.0,0.24982435632725106,0.5293251665169586,0.5399768974790429
102,1.0,1.0,2.0,1.0,1.0,1.0,3.0,4.0,0.6649364096070336,1.0,1.0,1.0,0.6818181818181818,1.0,1.0,1.0,0.16666177545632144,0.59375,2.0,0.9831044000653149,1.0,1.0,0.24982435632725106,0.23712187345101632,0.5299605654366152
103,2.0,1.0,1.0,3.0,1.0,1.0,3.0,3.0,0.6535049300169562,1.0,2.0,6.0,0.7727272727272727,2.0,1.0,1.0,0.6618567845237122,0.84375,2.0,0.887941273425564,2.0,2.0,0.37473653449087657,0.03513357161178409,0.40908601440698994
104,1.0,1.0,2.0,4.0,1.0,1.0,3.0,4.0,0.7656438920523007,1.0,5.0,6.0,0.3181818181818182,2.0,1.0,1.0,0.9223711199707065,0.90625,1.0,0.12491217816362553,1.0,3.0,0.9455671524207552,0.2705034137479301,0.5187449359849616
105,2.0,1.0,1.0,2.0,1.0,1.0,3.0,4.0,0.13070098600339122,1.0,1.0,5.0,0.5,3.0,1.0,1.0,0.08333088772816072,0.09375,2.0,0.24982435632725106,2.0,1.0,0.7603982429907125,0.06670009189028558,0.44433537564786385
106,1.0,2.0,2.0,3.0,1.0,1.0,2.0,1.0,0.46855813362943827,1.0,2.0,4.0,0.5,1.0,1.0,1.0,0.36015010484424237,0.34375,3.0,0.7254093526834671,1.0,1.0,0.24982435632725106,0.10098179723059632,0.21529683085039628
107,1.0,2.0,1.0,1.0,1.0,1.0,2.0,4.0,0.8064152812554853,1.0,5.0,5.0,0.6818181818181818,1.0,1.0,1.0,0.40889554931702116,0.71875,2.0,0.9005485232697931,1.0,2.0,0.12491217816362553,0.6927086345562464,0.40990122912780186
108,1.0,1.0,2.0,3.0,1.0,1.0,3.0,2.0,0.7782193286253186,1.0,2.0,5.0,0.22727272727272727,1.0,1.0,1.0,0.21540721992910022,0.46875,3.0,0.32289329643637205,1.0,1.0,0.41494927403532333,0.07742095645348714,0.7423067616284093
109,1.0,1.0,2.0,2.0,1.0,1.0,1.0,4.0,0.13070098600339122,1.0,3.0,1.0,0.22727272727272727,2.0,1.0,1.0,0.5512096433743239,0.84375,1.0,0.4478054745999976,2.0,3.0,0.5871421635198218,0.11490500305236517,0.6040535034146861
110,1.0,2.0,2.0,1.0,1.0,1.0,3.0,1.0,0.13070098600339122,1.0,3.0,5.0,0.5,1.0,1.0,1.0,0.9072417587793129,0.65625,3.0,0.475584996356216,1.0,1.0,0.32289329643637205,0.05531945397650415,0.5744100519658835
111,1.0,2.0,2.0,3.0,1.0,1.0,2.0,1.0,0.337857147626047,1.0,1.0,6.0,0.9545454545454546,2.0,1.0,1.0,0.662830239708599,0.03125,2.0,0.12491217816362553,2.0,2.0,0.37473653449087657,0.3037781319044295,0.5191395195015626
112,1.0,2.0,2.0,3.0,1.0,1.0,2.0,1.0,0.8828704568747499,1.0,2.0,4.0,0.8636363636363636,3.0,1.0,1.0,0.39169181442540274,0.40625,2.0,0.7656220922279139,2.0,3.0,0.12491217816362553,0.3021595561367517,0.8994546901346149
113,1.0,1.0,2.0,3.0,1.0,1.0,3.0,1.0,0.26140197200678245,1.0,1.0,2.0,0.9545454545454546,3.0,1.0,1.0,0.36015010484424237,0.71875,2.0,0.8369665198470728,1.0,3.0,0.12491217816362553,0.29530120256478454,0.13967118004530152
114,1.0,2.0,2.0,3.0,1.0,1.0,2.0,2.0,0.9616393015748113,1.0,4.0,4.0,0.22727272727272727,1.0,1.0,1.0,0.7782979919882402,0.96875,1.0,0.12491217816362553,1.0,3.0,0.37473653449087657,0.734750727515139,0.4967129656071451
115,1.0,2.0,2.0,1.0,1.0,1.0,3.0,3.0,0.8897280003879673,1.0,3.0,4.0,0.7727272727272727,1.0,1.0,1.0,0.9357074296175849,0.28125,2.0,0.12491217816362553,1.0,2.0,0.12491217816362553,0.8249309478073552,0.784147290269314
116,2.0,2.0,2.0,1.0,1.0,1.0,3.0,1.0,0.5450133092487028,1.0,3.0,5.0,0.3181818181818182,2.0,1.0,1.0,0.08333088772816072,0.90625,1.0,0.12491217816362553,2.0,3.0,0.12491217816362553,0.5786889050810353,0.14788605348764725
117,1.0,2.0,2.0,2.0,1.0,1.0,1.0,4.0,0.9728000536749563,1.0,5.0,1.0,0.045454545454545456,1.0,1.0,1.0,0.4961684642522775,0.78125,1.0,0.4996487126545021,1.0,1.0,0.6976298309272486,0.9550780819560853,0.47539036913032007
118,2.0,1.0,1.0,1.0,1.0,1.0,1.0,3.0,0.9893875919121558,1.0,5.0,4.0,0.5,1.0,1.0,1.0,0.9073686411747087,0.65625,3.0,0.7317331657425077,2.0,3.0,0.5727176527636231,0.2176289056078582,0.3597912331416097
119,2.0,1.0,2.0,4.0,1.0,1.0,3.0,2.0,0.39210295801017364,1.0,1.0,6.0,0.045454545454545456,2.0,1.0,1.0,0.4549392832722354,0.53125,1.0,0.12491217816362553,2.0,1.0,0.24982435632725106,0.07128406863585646,0.1570153644069546
120,1.0,2.0,2.0,3.0,1.0,1.0,2.0,1.0,0.13070098600339122,1.0,2.0,3.0,0.5909090909090909,2.0,1.0,1.0,0.6439744717713628,0.46875,1.0,0.6354860648270869,2.0,3.0,0.32289329643637205,0.6717345004268445,0.6845651549366498
121,2.0,2.0,2.0,1.0,1.0,1.0,3.0,3.0,0.5228039440135649,1.0,3.0,6.0,0.5909090909090909,1.0,1.0,1.0,0.8134387298035198,0.40625,3.0,0.8298985480706467,2.0,1.0,0.865733497114947,0.3638056423587416,0.9683959603863025
122,1.0,1.0,2.0,4.0,1.0,1.0,2.0,1.0,0.5450133092487028,1.0,3.0,4.0,0.22727272727272727,2.0,1.0,1.0,0.8139914712759654,0.65625,3.0,0.9670035034531653,1.0,1.0,0.7378425704716953,0.9291196907151755,0.7812377906886424
123,1.0,1.0,1.0,4.0,1.0,1.0,3.0,3.0,0.7047812040004494,1.0,2.0,5.0,0.22727272727272727,2.0,1.0,1.0,0.7141336755443747,0.46875,2.0,0.5871421635198218,1.0,3.0,0.41494927403532333,0.44554711389966417,0.6386099389303886
124,1.0,2.0,2.0,3.0,1.0,1.0,2.0,2.0,0.5648802634375365,1.0,1.0,3.0,0.5909090909090909,2.0,1.0,1.0,0.9025824478824827,0.28125,1.0,0.24982435632725106,2.0,1.0,0.5871421635198218,0.7021887000441607,0.0043127905209282185
125,2.0,1.0,2.0,4.0,1.0,1.0,2.0,4.0,0.8683585548682905,1.0,1.0,6.0,0.5909090909090909,1.0,1.0,1.0,0.08333088772816072,0.28125,1.0,0.8369665198470728,2.0,2.0,0.5727176527636231,0.05394718583456969,0.7360708553277813
126,1.0,2.0,2.0,3.0,1.0,1.0,1.0,2.0,0.13070098600339122,1.0,3.0,2.0,0.4090909090909091,2.0,1.0,1.0,0.995363459704022,0.84375,1.0,0.4478054745999976,1.0,2.0,0.9906456752785725,0.7087953528859295,0.08839551757116644
127,1.0,2.0,2.0,4.0,1.0,1.0,3.0,1.0,0.13070098600339122,1.0,2.0,5.0,0.6818181818181818,2.0,1.0,1.0,0.29873810765726094,0.21875,1.0,0.32289329643637205,2.0,2.0,0.12491217816362553,0.15822004593755054,0.6307407614633973
128,1.0,1.0,2.0,1.0,1.0,1.0,2.0,4.0,0.5992591196328295,1.0,2.0,5.0,0.5909090909090909,2.0,1.0,1.0,0.24999266318448213,0.96875,1.0,0.12491217816362553,2.0,3.0,0.12491217816362553,0.39456759003985387,0.9020486881613715
129,2.0,1.0,1.0,2.0,1.0,1.0,2.0,3.0,0.8720925712296893,1.0,3.0,1.0,0.045454545454545456,2.0,1.0,1.0,0.3333235509126429,0.71875,2.0,0.7049863699070212,2.0,1.0,0.9077101350483175,0.3832227530566746,0.06074123223835078
130,2.0,2.0,2.0,1.0,1.0,1.0,2.0,3.0,0.5992591196328295,1.0,2.0,1.0,0.22727272727272727,3.0,1.0,1.0,0.5974762153145219,0.34375,2.0,0.9123311620843564,2.0,1.0,0.24982435632725106,0.9716587130195765,0.47526578600770036
131,1.0,1.0,1.0,4.0,1.0,1.0,2.0,4.0,0.26140197200678245,1.0,3.0,3.0,0.22727272727272727,2.0,1.0,1.0,0.21540721992910022,0.09375,2.0,0.4478054745999976,1.0,2.0,0.12491217816362553,0.6583086013812569,0.34848216797736953
132,1.0,1.0,2.0,1.0,1.0,1.0,3.0,1.0,0.13070098600339122,1.0,4.0,5.0,0.8636363636363636,2.0,1.0,1.0,0.6462216597873007,0.53125,1.0,0.4996487126545021,1.0,1.0,0.12491217816362553,0.03404101395038784,0.4524653804854446
133,1.0,2.0,2.0,2.0,1.0,1.0,3.0,4.0,0.13070098600339122,1.0,5.0,6.0,0.5909090909090909,3.0,1.0,1.0,0.5268118803005638,0.84375,3.0,0.6647736303625744,1.0,3.0,0.37473653449087657,0.7639899217520316,0.11997554504987089
134,2.0,1.0,2.0,2.0,1.0,1.0,3.0,4.0,0.337857147626047,1.0,2.0,4.0,0.9545454545454546,1.0,1.0,1.0,0.8736256754979277,0.15625,1.0,0.12491217816362553,2.0,2.0,0.24982435632725106,0.4239640498332856,0.9835281274150492
135,1.0,1.0,1.0,1.0,1.0,1.0,1.0,2.0,0.5228039440135649,1.0,3.0,3.0,0.4090909090909091,1.0,1.0,1.0,0.5461997077034031,0.96875,2.0,0.929714284015254,2.0,3.0,0.7656220922279139,0.4655535204061383,0.2772683208751247
136,2.0,2.0,1.0,1.0,1.0,1.0,3.0,2.0,0.6143521058105431,1.0,3.0,3.0,0.9545454545454546,2.0,1.0,1.0,0.08333088772816072,0.65625,1.0,0.32289329643637205,1.0,2.0,0.6555300565490574,0.43150600800148065,0.5199452287234755
137,1.0,1.0,2.0,4.0,1.0,1.0,3.0,2.0,0.7299601056362207,1.0,2.0,6.0,0.5909090909090909,2.0,1.0,1.0,0.5206453461564537,0.09375,2.0,0.6976298309272486,1.0,1.0,0.12491217816362553,0.5392746171508553,0.5312475617010969
138,1.0,1.0,2.0,2.0,1.0,1.0,2.0,3.0,0.6859093004814018,1.0,3.0,1.0,0.3181818181818182,3.0,1.0,1.0,0.4434809925724031,0.03125,1.0,0.7656220922279139,2.0,1.0,0.8799306132920991,0.9284514305415679,0.9132812145953673
139,1.0,2.0,2.0,3.0,1.0,1.0,3.0,2.0,0.13070098600339122,1.0,5.0,1.0,0.5,2.0,1.0,1.0,0.5693907906292326,0.28125,3.0,0.24982435632725106,1.0,3.0,0.7437516303442471,0.9047837740903333,0.30428235764803996
140,1.0,1.0,1.0,1.0,1.0,1.0,2.0,1.0,0.9833369659142543,1.0,4.0,2.0,0.6818181818181818,1.0,1.0,1.0,0.7541319134311228,0.53125,1.0,0.12491217816362553,1.0,3.0,0.37473653449087657,0.4312897526275605,0.4124416394648714
141,1.0,2.0,2.0,3.0,1.0,1.0,3.0,2.0,0.7047812040004494,1.0,3.0,6.0,0.7727272727272727,3.0,1.0,1.0,0.6055477733671563,0.03125,1.0,0.7049863699070212,1.0,2.0,0.37473653449087657,0.5069733389221841,0.6488143213275502
142,1.0,2.0,2.0,1.0,1.0,1.0,1.0,1.0,0.5648802634375365,1.0,4.0,2.0,0.7727272727272727,1.0,1.0,1.0,0.44934659775218183,0.78125,1.0,0.8334671830998334,2.0,3.0,0.9190478468489942,0.5569905780614951,0.14448159888796722
143,1.0,2.0,2.0,1.0,1.0,1.0,1.0,2.0,0.26140197200678245,1.0,5.0,1.0,0.5,3.0,1.0,1.0,0.6188372345136774,0.03125,1.0,0.24982435632725106,2.0,1.0,0.24982435632725106,0.5527874887998547,0.03693059807970759
144,2.0,1.0,2.0,1.0,1.0,1.0,3.0,2.0,0.8683585548682905,1.0,1.0,3.0,0.22727272727272727,3.0,1.0,1.0,0.3333235509126429,0.15625,3.0,0.12491217816362553,2.0,2.0,0.6354860648270869,0.8659317243022999,0.4783963076902508
145,1.0,2.0,2.0,2.0,1.0,1.0,3.0,2.0,0.13070098600339122,1.0,5.0,1.0,0.5,1.0,1.0,1.0,0.5693907906292326,0.28125,3.0,0.24982435632725106,1.0,3.0,0.7437516303442471,0.9047837740903333,0.30428235764803996
146,1.0,2.0,2.0,2.0,1.0,1.0,3.0,1.0,0.5450133092487028,1.0,5.0,6.0,0.7727272727272727,1.0,1.0,1.0,0.6381655612677011,0.15625,1.0,0.6555300565490574,2.0,1.0,0.7984782927925881,0.9007074722069203,0.3927851586208478
147,1.0,2.0,2.0,4.0,1.0,1.0,3.0,3.0,0.13070098600339122,1.0,5.0,6.0,0.5,1.0,1.0,1.0,0.6462216597873007,0.15625,1.0,0.12491217816362553,1.0,1.0,0.12491217816362553,0.22346108713101512,0.9503311525543169
148,1.0,2.0,1.0,4.0,1.0,1.0,2.0,1.0,0.9473112724881843,1.0,5.0,5.0,0.5909090909090909,3.0,1.0,1.0,0.16666177545632144,0.46875,2.0,0.12491217816362553,2.0,3.0,0.6245608908181276,0.4891675367988382,0.6392369206550179
149,1.0,1.0,2.0,4.0,1.0,1.0,1.0,2.0,0.9207092571966408,1.0,2.0,5.0,0.22727272727272727,1.0,1.0,1.0,0.9778637698856069,0.53125,2.0,0.5871421635198218,2.0,1.0,0.12491217816362553,0.8791330346133304,0.3250718389783816
150,1.0,2.0,1.0,3.0,1.0,1.0,1.0,3.0,0.13070098600339122,1.0,5.0,6.0,0.7727272727272727,2.0,1.0,1.0,0.29873810765726094,0.03125,2.0,0.7706987710363696,2.0,2.0,0.9417327486169935,0.295320396343163,0.37126413272390096
151,1.0,2.0,2.0,1.0,1.0,1.0,1.0,1.0,0.13070098600339122,1.0,5.0,5.0,0.7727272727272727,3.0,1.0,1.0,0.31727026555124227,0.90625,2.0,0.32289329643637205,1.0,2.0,0.5871421635198218,0.45144467584241293,0.9561015942010426
152,2.0,1.0,1.0,4.0,1.0,1.0,3.0,3.0,0.13070098600339122,1.0,2.0,5.0,0.9545454545454546,2.0,1.0,1.0,0.29873810765726094,0.40625,3.0,0.7941356686853687,2.0,2.0,0.41494927403532333,0.7956014578135812,0.9710672798789841
153,1.0,2.0,2.0,3.0,1.0,1.0,3.0,3.0,0.46855813362943827,1.0,5.0,1.0,0.045454545454545456,2.0,1.0,1.0,0.6657041867290882,0.59375,2.0,0.32289329643637205,2.0,3.0,0.6129303923080699,0.060620830497898,0.26009059552564623
154,1.0,1.0,2.0,3.0,1.0,1.0,1.0,3.0,0.8064152812554853,1.0,3.0,3.0,0.4090909090909091,1.0,1.0,1.0,0.6216010587285569,0.53125,2.0,0.4996487126545021,1.0,2.0,0.32289329643637205,0.5656222101208205,0.9501911408870517
155,2.0,2.0,1.0,1.0,1.0,1.0,3.0,4.0,0.46855813362943827,1.0,4.0,2.0,0.9545454545454546,1.0,1.0,1.0,0.43731445842829303,0.84375,1.0,0.7804422347126829,2.0,3.0,0.9338101462326462,0.9404061387175081,0.20517017515754432
156,1.0,1.0,2.0,1.0,1.0,1.0,3.0,3.0,0.13070098600339122,1.0,3.0,2.0,0.5909090909090909,3.0,1.0,1.0,0.4750227021535635,0.65625,1.0,0.475584996356216,1.0,3.0,0.7756363451061675,0.7151987745694608,0.7591730203461099
157,2.0,1.0,2.0,4.0,1.0,1.0,2.0,3.0,0.337857147626047,1.0,5.0,3.0,0.4090909090909091,2.0,1.0,1.0,0.5755573247733425,0.90625,2.0,0.32289329643637205,1.0,2.0,0.12491217816362553,0.0779313178599641,0.3201165032858899
158,1.0,1.0,2.0,4.0,1.0,1.0,1.0,3.0,0.43417927743414525,1.0,1.0,6.0,0.5909090909090909,2.0,1.0,1.0,0.5107585949391632,0.65625,2.0,0.8298985480706467,1.0,2.0,0.24982435632725106,0.9766312819793823,0.8290073863242317
159,1.0,1.0,2.0,4.0,1.0,1.0,3.0,2.0,0.8828704568747499,1.0,5.0,5.0,0.5909090909090909,1.0,1.0,1.0,0.16666177545632144,0.40625,1.0,0.8566453439061332,1.0,1.0,0.9618786980106984,0.357949431223749,0.12361385817428265
160,1.0,2.0,2.0,4.0,1.0,1.0,1.0,1.0,0.5648802634375365,1.0,2.0,4.0,0.5909090909090909,1.0,1.0,1.0,0.08333088772816072,0.53125,2.0,0.5570373168557271,1.0,1.0,0.9992974253090042,0.12301461462483688,0.07426139477451328
161,1.0,2.0,2.0,1.0,1.0,1.0,1.0,3.0,0.4976250423777936,1.0,1.0,1.0,0.5909090909090909,3.0,1.0,1.0,0.29873810765726094,0.09375,1.0,0.4478054745999976,1.0,3.0,0.5208744147091185,0.5906871825382145,0.23644933115307096
162,1.0,1.0,2.0,3.0,1.0,1.0,3.0,1.0,0.13070098600339122,1.0,1.0,5.0,0.13636363636363635,1.0,1.0,1.0,0.46028332121972676,0.21875,1.0,0.6129303923080699,1.0,1.0,0.32289329643637205,0.06981637194107347,0.05684357243324856
163,1.0,1.0,1.0,4.0,1.0,1.0,1.0,1.0,0.26140197200678245,1.0,5.0,1.0,0.6818181818181818,2.0,1.0,1.0,0.4166544386408036,0.53125,3.0,0.24982435632725106,1.0,1.0,0.5727176527636231,0.4102552959122179,0.2888272933636597
164,1.0,2.0,2.0,4.0,1.0,1.0,1.0,1.0,0.6649364096070336,1.0,5.0,6.0,0.13636363636363635,2.0,1.0,1.0,0.46028332121972676,0.15625,2.0,0.9276309061296012,1.0,2.0,0.12491217816362553,0.07287709856050596,0.8665447981735341
165,2.0,2.0,2.0,3.0,1.0,1.0,1.0,4.0,0.26140197200678245,1.0,2.0,6.0,0.5909090909090909,1.0,1.0,1.0,0.9377931012813292,0.21875,2.0,0.41494927403532333,2.0,3.0,0.24982435632725106,0.7761393454384722,0.07862570131353468
166,1.0,1.0,2.0,3.0,1.0,1.0,1.0,2.0,0.721934993907472,1.0,3.0,1.0,0.5909090909090909,1.0,1.0,1.0,0.8117650917513781,0.90625,3.0,0.5398614521989489,1.0,1.0,0.7756363451061675,0.5947403919300193,0.07906156402634441
167,1.0,2.0,2.0,3.0,1.0,1.0,2.0,4.0,0.26140197200678245,1.0,2.0,3.0,0.9545454545454546,3.0,1.0,1.0,0.3333235509126429,0.03125,3.0,0.32289329643637205,2.0,2.0,0.12491217816362553,0.19598193116255158,0.9618381946365689
168,1.0,2.0,2.0,2.0,1.0,1.0,1.0,1.0,0.337857147626047,1.0,3.0,6.0,0.9545454545454546,3.0,1.0,1.0,0.08333088772816072,0.96875,1.0,0.37473653449087657,1.0,1.0,0.7756363451061675,0.707444367311702,0.6188877394945642
169,2.0,1.0,1.0,1.0,1.0,1.0,2.0,4.0,0.675714295252094,1.0,1.0,6.0,0.8636363636363636,2.0,1.0,1.0,0.08333088772816072,0.53125,2.0,0.37473653449087657,1.0,2.0,0.7120543416834474,0.5266699776050409,0.635830379343201
170,1.0,1.0,2.0,4.0,1.0,1.0,1.0,1.0,0.7135530955739849,1.0,1.0,1.0,0.5909090909090909,2.0,1.0,1.0,0.4703075465040026,0.15625,3.0,0.9317738513466036,2.0,2.0,0.6004971745198415,0.1501000808806684,0.14647092782132706
171,2.0,1.0,2.0,1.0,1.0,1.0,2.0,1.0,0.6649364096070336,1.0,2.0,2.0,0.045454545454545456,1.0,1.0,1.0,0.2768192171160816,0.84375,2.0,0.41494927403532333,1.0,2.0,0.5208744147091185,0.5006669270420558,0.8151151076857305
172,1.0,1.0,2.0,3.0,1.0,1.0,2.0,1.0,0.13070098600339122,1.0,3.0,6.0,0.5909090909090909,2.0,1.0,1.0,0.8529761494090857,0.84375,3.0,0.5727176527636231,2.0,3.0,0.7851232817925683,0.7552802664709805,0.9412740740539148
173,1.0,1.0,1.0,1.0,1.0,1.0,3.0,2.0,0.5648802634375365,1.0,5.0,1.0,0.6818181818181818,1.0,1.0,1.0,0.882054321754386,0.03125,2.0,0.9964594110653346,1.0,2.0,0.4478054745999976,0.37774381613173036,0.04027863625314909
174,1.0,2.0,2.0,1.0,1.0,1.0,2.0,1.0,0.7842059160203474,1.0,2.0,6.0,0.6818181818181818,1.0,1.0,1.0,0.5755573247733425,0.59375,2.0,0.12491217816362553,2.0,2.0,0.7188555329818651,0.32711905950397036,0.4341481973111445
175,2.0,1.0,2.0,2.0,1.0,1.0,2.0,4.0,0.9971644328159052,1.0,4.0,4.0,0.22727272727272727,2.0,1.0,1.0,0.4166544386408036,0.90625,2.0,0.8068616731829781,2.0,1.0,0.7984782927925881,0.8228617296312205,0.6324531849633991
176,1.0,1.0,2.0,1.0,1.0,1.0,2.0,1.0,0.6535049300169562,1.0,2.0,3.0,0.5909090909090909,2.0,1.0,1.0,0.21540721992910022,0.59375,2.0,0.37473653449087657,1.0,3.0,0.12491217816362553,0.8073369015872317,0.8907212268837889
177,2.0,1.0,2.0,1.0,1.0,1.0,1.0,3.0,0.9119373656231052,1.0,3.0,6.0,0.5,2.0,1.0,1.0,0.9772271167200047,0.46875,1.0,0.37473653449087657,2.0,1.0,0.6354860648270869,0.7156147300906531,0.8527677108256787
178,1.0,2.0,2.0,3.0,1.0,1.0,3.0,2.0,0.8757540778173255,1.0,2.0,6.0,0.9545454545454546,3.0,1.0,1.0,0.7214964489958617,0.28125,3.0,0.5398614521989489,2.0,2.0,0.24982435632725106,0.9090465248280045,0.3969235406728888
179,1.0,1.0,2.0,3.0,1.0,1.0,2.0,4.0,0.26140197200678245,1.0,3.0,4.0,0.5,2.0,1.0,1.0,0.24999266318448213,0.34375,3.0,0.6457865928727441,1.0,1.0,0.12491217816362553,0.1841865686223647,0.2788853243624825
180,1.0,2.0,2.0,3.0,1.0,1.0,1.0,4.0,0.43417927743414525,1.0,5.0,4.0,0.8636363636363636,1.0,1.0,1.0,0.9591197686619586,0.46875,1.0,0.24982435632725106,2.0,3.0,0.7656220922279139,0.20199922491856423,0.4794714030343896
181,1.0,2.0,1.0,2.0,1.0,1.0,1.0,1.0,0.8683585548682905,1.0,1.0,5.0,0.9545454545454546,2.0,1.0,1.0,0.8252992661600108,0.71875,1.0,0.6129303923080699,1.0,2.0,0.32289329643637205,0.20269203491229124,0.6561916316213517
182,1.0,1.0,2.0,3.0,1.0,1.0,1.0,2.0,0.13070098600339122,1.0,2.0,6.0,0.3181818181818182,2.0,1.0,1.0,0.08333088772816072,0.15625,2.0,0.9548107262342722,1.0,2.0,0.24982435632725106,0.9807469684611172,0.6150057116744182
183,1.0,2.0,2.0,2.0,1.0,1.0,1.0,3.0,0.26140197200678245,1.0,1.0,4.0,0.6818181818181818,3.0,1.0,1.0,0.08333088772816072,0.96875,3.0,0.8627547486353208,2.0,3.0,0.5871421635198218,0.4748207466750838,0.5716809784796183
184,1.0,2.0,2.0,2.0,1.0,1.0,3.0,1.0,0.13070098600339122,1.0,2.0,4.0,0.3181818181818182,1.0,1.0,1.0,0.29873810765726094,0.21875,2.0,0.37473653449087657,2.0,1.0,0.12491217816362553,0.5583118624041371,0.4912594313795742
185,2.0,2.0,2.0,2.0,1.0,1.0,1.0,2.0,0.9318043198119389,1.0,2.0,6.0,0.13636363636363635,2.0,1.0,1.0,0.9743560296202627,0.53125,2.0,0.6555300565490574,2.0,2.0,0.9601375233063116,0.8509186269176718,0.3529829360666168
186,1.0,1.0,2.0,1.0,1.0,1.0,2.0,3.0,0.7720364250601922,1.0,5.0,2.0,0.8636363636363636,2.0,1.0,1.0,0.8240377534465482,0.71875,3.0,0.4478054745999976,1.0,1.0,0.12491217816362553,0.8927625121969582,0.5557572157378352
187,1.0,1.0,1.0,2.0,1.0,1.0,2.0,1.0,0.26140197200678245,1.0,4.0,6.0,0.13636363636363635,1.0,1.0,1.0,0.9638888258590876,0.09375,3.0,0.12491217816362553,1.0,2.0,0.6899601551528175,0.03832329282673476,0.9142582006633191
188,2.0,1.0,2.0,4.0,1.0,1.0,2.0,1.0,0.6955812494409277,1.0,2.0,3.0,0.5909090909090909,3.0,1.0,1.0,0.9815460664656573,0.53125,1.0,0.41494927403532333,1.0,2.0,0.7317331657425077,0.8809675936432697,0.14338195508244564
189,2.0,2.0,1.0,4.0,1.0,1.0,2.0,2.0,0.13070098600339122,1.0,2.0,1.0,0.7727272727272727,2.0,1.0,1.0,0.08333088772816072,0.84375,2.0,0.37473653449087657,2.0,2.0,0.8566453439061332,0.7785467619115457,0.5369483496047799
190,1.0,2.0,2.0,1.0,1.0,1.0,1.0,2.0,0.337857147626047,1.0,3.0,3.0,0.5909090909090909,2.0,1.0,1.0,0.5628907720591401,0.34375,3.0,0.7941356686853687,1.0,3.0,0.12491217816362553,0.47126635729080163,0.2452018768674328
191,2.0,2.0,2.0,4.0,1.0,1.0,3.0,1.0,0.977085730525823,1.0,3.0,5.0,0.045454545454545456,3.0,1.0,1.0,0.9662430993657453,0.46875,2.0,0.6457865928727441,1.0,2.0,0.12491217816362553,0.46987472160604915,0.4382946197078829
192,2.0,2.0,2.0,2.0,1.0,1.0,2.0,1.0,0.675714295252094,1.0,4.0,4.0,0.22727272727272727,3.0,1.0,1.0,0.16666177545632144,0.03125,1.0,0.24982435632725106,1.0,2.0,0.9876669267989464,0.7239286789441688,0.507381347139343
193,1.0,2.0,1.0,1.0,1.0,1.0,3.0,4.0,0.89956823286098,1.0,2.0,2.0,0.3181818181818182,3.0,1.0,1.0,0.8894899174856492,0.40625,3.0,0.475584996356216,2.0,3.0,0.7437516303442471,0.529782422556761,0.6576584225524648
194,1.0,2.0,2.0,4.0,1.0,1.0,2.0,2.0,0.4976250423777936,1.0,3.0,2.0,0.5,2.0,1.0,1.0,0.08333088772816072,0.96875,2.0,0.5570373168557271,2.0,1.0,0.32289329643637205,0.1152072141093338,0.8962500727537556
195,2.0,1.0,2.0,1.0,1.0,1.0,3.0,1.0,0.8011033338085477,1.0,1.0,3.0,0.13636363636363635,1.0,1.0,1.0,0.6675826789864563,0.40625,1.0,0.4996487126545021,1.0,1.0,0.5208744147091185,0.7493653150097425,0.1689176984692836
196,1.0,2.0,2.0,4.0,1.0,1.0,1.0,1.0,0.7842059160203474,1.0,5.0,2.0,0.8636363636363636,3.0,1.0,1.0,0.39169181442540274,0.59375,3.0,0.12491217816362553,1.0,2.0,0.8403991984910987,0.41387718181571087,0.9781390169962251
197,1.0,2.0,1.0,1.0,1.0,1.0,2.0,4.0,0.13070098600339122,1.0,2.0,5.0,0.045454545454545456,1.0,1.0,1.0,0.31727026555124227,0.40625,2.0,0.8980966462640311,2.0,3.0,0.12491217816362553,0.4471150532992725,0.8787050338110136
198,1.0,1.0,2.0,2.0,1.0,1.0,3.0,1.0,0.26140197200678245,1.0,5.0,1.0,0.22727272727272727,3.0,1.0,1.0,0.5107585949391632,0.09375,1.0,0.24982435632725106,1.0,2.0,0.12491217816362553,0.5882858838473677,0.1071829698269721
199,1.0,1.0,2.0,3.0,1.0,1.0,3.0,2.0,0.6143521058105431,1.0,1.0,1.0,0.6818181818181818,1.0,1.0,1.0,0.08333088772816072,0.09375,1.0,0.12491217816362553,2.0,1.0,0.24982435632725106,0.7510756898490162,0.2690235585897149
200,1.0,2.0,2.0,3.0,1.0,1.0,1.0,3.0,0.7521694708713587,1.0,1.0,2.0,0.9545454545454546,2.0,1.0,1.0,0.7172564760142631,0.21875,3.0,0.8403991984910987,2.0,2.0,0.12491217816362553,0.753157265730456,0.31222299738829234
201,1.0,2.0,1.0,2.0,1.0,1.0,3.0,1.0,0.26140197200678245,1.0,5.0,1.0,0.9545454545454546,2.0,1.0,1.0,0.16666177545632144,0.40625,1.0,0.9417327486169935,1.0,1.0,0.32289329643637205,0.9625586532564251,0.7657803030052571
202,1.0,2.0,2.0,4.0,1.0,1.0,2.0,3.0,0.13070098600339122,1.0,2.0,2.0,0.6818181818181818,2.0,1.0,1.0,0.556019127046361,0.90625,2.0,0.12491217816362553,2.0,3.0,0.6129303923080699,0.5833875893056288,0.22466484074878398
203,1.0,2.0,1.0,3.0,1.0,1.0,1.0,3.0,0.864549098752196,1.0,2.0,2.0,0.5909090909090909,2.0,1.0,1.0,0.7220901344417565,0.28125,1.0,0.4996487126545021,1.0,1.0,0.7550184351284736,0.8925281203881449,0.19566597393537663
204,1.0,2.0,2.0,2.0,1.0,1.0,1.0,3.0,0.8354821900038407,1.0,3.0,1.0,0.8636363636363636,1.0,1.0,1.0,0.36015010484424237,0.84375,3.0,0.7984782927925881,1.0,1.0,0.32289329643637205,0.32277809371978416,0.9703153224372963
205,2.0,1.0,2.0,3.0,1.0,1.0,2.0,1.0,0.4976250423777936,1.0,3.0,2.0,0.22727272727272727,2.0,1.0,1.0,0.8897838566503634,0.09375,1.0,0.9317738513466036,2.0,1.0,0.8826405918785297,0.8174860347869557,0.9863304539338529
206,1.0,1.0,2.0,1.0,1.0,1.0,1.0,3.0,0.7900082711932495,1.0,5.0,3.0,0.6818181818181818,1.0,1.0,1.0,0.29873810765726094,0.28125,2.0,0.24982435632725106,1.0,3.0,0.12491217816362553,0.18714400769422157,0.5139125799517313
207,2.0,2.0,1.0,4.0,1.0,1.0,2.0,3.0,0.337857147626047,1.0,4.0,6.0,0.3181818181818182,3.0,1.0,1.0,0.16666177545632144,0.15625,2.0,0.951169992712432,1.0,1.0,0.8980966462640311,0.41965691673552313,0.6573598839146038
208,1.0,2.0,2.0,3.0,1.0,1.0,3.0,1.0,0.13070098600339122,1.0,5.0,5.0,0.13636363636363635,2.0,1.0,1.0,0.08333088772816072,0.40625,2.0,0.12491217816362553,1.0,3.0,0.12491217816362553,0.06258572481829792,0.30987182765082544
209,1.0,2.0,1.0,2.0,1.0,1.0,3.0,1.0,0.6283260283811848,1.0,3.0,1.0,0.6818181818181818,2.0,1.0,1.0,0.9107448054021842,0.65625,1.0,0.32289329643637205,2.0,1.0,0.12491217816362553,0.6057027470600592,0.19327256862045386
210,2.0,1.0,2.0,2.0,1.0,1.0,2.0,4.0,0.977085730525823,1.0,3.0,6.0,0.9545454545454546,3.0,1.0,1.0,0.08333088772816072,0.15625,1.0,0.6004971745198415,2.0,1.0,0.37473653449087657,0.21403305645970827,0.2647885794163421
211,1.0,1.0,2.0,3.0,1.0,1.0,1.0,3.0,0.39210295801017364,1.0,5.0,4.0,0.5,3.0,1.0,1.0,0.7563791014470609,0.96875,3.0,0.8905342703915394,2.0,3.0,0.12491217816362553,0.6854097419179463,0.852561241179438
212,1.0,1.0,1.0,1.0,1.0,1.0,2.0,3.0,0.5992591196328295,1.0,3.0,6.0,0.8636363636363636,2.0,1.0,1.0,0.48393204100756376,0.15625,2.0,0.12491217816362553,1.0,1.0,0.5570373168557271,0.07972260160983813,0.576826618604749
213,1.0,1.0,1.0,1.0,1.0,1.0,1.0,4.0,0.39210295801017364,1.0,2.0,6.0,0.8636363636363636,2.0,1.0,1.0,0.9381863021501657,0.84375,3.0,0.7120543416834474,2.0,2.0,0.4996487126545021,0.38058794511893,0.13300074782224028
214,1.0,2.0,1.0,1.0,1.0,1.0,2.0,4.0,0.5828521095705937,1.0,3.0,6.0,0.9545454545454546,3.0,1.0,1.0,0.08333088772816072,0.46875,1.0,0.12491217816362553,2.0,3.0,0.12491217816362553,0.8261937449021169,0.7043742674746009
215,2.0,2.0,2.0,2.0,1.0,1.0,3.0,4.0,0.46855813362943827,1.0,2.0,5.0,0.22727272727272727,1.0,1.0,1.0,0.9433723595317559,0.53125,1.0,0.32289329643637205,1.0,2.0,0.12491217816362553,0.13487596028440663,0.20115030764234496
216,1.0,2.0,2.0,1.0,1.0,1.0,2.0,1.0,0.8828704568747499,1.0,2.0,4.0,0.8636363636363636,3.0,1.0,1.0,0.39169181442540274,0.40625,2.0,0.7656220922279139,2.0,3.0,0.12491217816362553,0.3021595561367517,0.8994546901346149
217,2.0,2.0,1.0,4.0,1.0,1.0,2.0,4.0,0.13070098600339122,1.0,1.0,2.0,0.045454545454545456,1.0,1.0,1.0,0.4795598843309793,0.34375,2.0,0.5871421635198218,2.0,1.0,0.5570373168557271,0.40330363852838624,0.2511201367291503
218,1.0,2.0,2.0,3.0,1.0,1.0,1.0,3.0,0.43417927743414525,1.0,3.0,6.0,0.7727272727272727,2.0,1.0,1.0,0.08333088772816072,0.34375,1.0,0.12491217816362553,2.0,2.0,0.6735661146289625,0.7321940555919576,0.4117732494266031
219,1.0,1.0,2.0,1.0,1.0,1.0,2.0,3.0,0.26140197200678245,1.0,1.0,4.0,0.045454545454545456,1.0,1.0,1.0,0.31727026555124227,0.46875,1.0,0.12491217816362553,1.0,3.0,0.8980966462640311,0.2611821993759047,0.8550565276002652
220,2.0,1.0,2.0,2.0,1.0,1.0,3.0,4.0,0.13070098600339122,1.0,1.0,4.0,0.5,1.0,1.0,1.0,0.16666177545632144,0.59375,3.0,0.7656220922279139,1.0,3.0,0.5208744147091185,0.10276436746383011,0.5020277137358113
221,1.0,2.0,2.0,3.0,1.0,1.0,2.0,3.0,0.7376575688648993,1.0,2.0,4.0,0.5,1.0,1.0,1.0,0.08333088772816072,0.21875,1.0,0.7120543416834474,1.0,3.0,0.8535111748218039,0.22449080666585874,0.5125798134281199
222,2.0,1.0,2.0,3.0,1.0,1.0,2.0,1.0,0.337857147626047,1.0,4.0,4.0,0.045454545454545456,2.0,1.0,1.0,0.3333235509126429,0.71875,2.0,0.41494927403532333,2.0,1.0,0.32289329643637205,0.5203071488817828,0.5180419935687115
223,1.0,2.0,2.0,1.0,1.0,1.0,3.0,2.0,0.43417927743414525,1.0,2.0,2.0,0.045454545454545456,3.0,1.0,1.0,0.21540721992910022,0.78125,3.0,0.12491217816362553,2.0,2.0,0.12491217816362553,0.5605177310897633,0.3835421119512106
224,1.0,2.0,1.0,4.0,1.0,1.0,2.0,1.0,0.9684147010377875,1.0,1.0,6.0,0.5909090909090909,3.0,1.0,1.0,0.08333088772816072,0.71875,2.0,0.7851232817925683,2.0,2.0,0.951169992712432,0.5510132663431226,0.5727391793325449
225,2.0,1.0,1.0,1.0,1.0,1.0,3.0,2.0,0.9749550675807674,1.0,4.0,1.0,0.3181818181818182,3.0,1.0,1.0,0.08333088772816072,0.78125,3.0,0.24982435632725106,1.0,1.0,0.8262578145488065,0.015057214705798785,0.1948966145222751
226,1.0,2.0,2.0,4.0,1.0,1.0,1.0,3.0,0.26140197200678245,1.0,5.0,2.0,0.22727272727272727,3.0,1.0,1.0,0.4166544386408036,0.46875,2.0,0.37473653449087657,1.0,3.0,0.929714284015254,0.3097914190806612,0.024264750750826902
227,1.0,2.0,1.0,2.0,1.0,1.0,1.0,4.0,0.9873922117644942,1.0,4.0,3.0,0.13636363636363635,2.0,1.0,1.0,0.9400366425328704,0.03125,3.0,0.4996487126545021,1.0,3.0,0.37473653449087657,0.06410217457170088,0.9734149771137046
228,1.0,1.0,2.0,1.0,1.0,1.0,3.0,2.0,0.13070098600339122,1.0,2.0,1.0,0.3181818181818182,1.0,1.0,1.0,0.7344602109058816,0.59375,3.0,0.12491217816362553,2.0,1.0,0.4478054745999976,0.8299027416001115,0.2576360891887582
229,1.0,2.0,2.0,2.0,1.0,1.0,1.0,3.0,0.13070098600339122,1.0,5.0,2.0,0.22727272727272727,2.0,1.0,1.0,0.8097826029891403,0.40625,2.0,0.12491217816362553,1.0,3.0,0.41494927403532333,0.39056398650387825,0.10926538121215816
230,2.0,2.0,2.0,1.0,1.0,1.0,1.0,3.0,0.26140197200678245,1.0,2.0,2.0,0.6818181818181818,3.0,1.0,1.0,0.16666177545632144,0.15625,2.0,0.32289329643637205,1.0,1.0,0.6555300565490574,0.6333984489482831,0.4817451579202798
231,1.0,1.0,2.0,2.0,1.0,1.0,2.0,3.0,0.7135530955739849,1.0,5.0,6.0,0.3181818181818182,1.0,1.0,1.0,0.6516624551311443,0.28125,1.0,0.32289329643637205,2.0,2.0,0.6899601551528175,0.2353084572764219,0.9666357143278693
232,2.0,1.0,2.0,1.0,1.0,1.0,3.0,4.0,0.5648802634375365,1.0,5.0,1.0,0.5909090909090909,3.0,1.0,1.0,0.4750227021535635,0.90625,1.0,0.9906456752785725,2.0,1.0,0.32289329643637205,0.8940820794874355,0.8386207475027868
233,1.0,1.0,2.0,2.0,1.0,1.0,1.0,2.0,0.8863304010013476,1.0,3.0,5.0,0.3181818181818182,1.0,1.0,1.0,0.08333088772816072,0.65625,1.0,0.6129303923080699,2.0,3.0,0.475584996356216,0.3645534267837015,0.13545601829331044
234,1.0,1.0,2.0,1.0,1.0,1.0,1.0,3.0,0.13070098600339122,1.0,3.0,5.0,0.22727272727272727,2.0,1.0,1.0,0.8109194536212634,0.59375,3.0,0.7984782927925881,1.0,3.0,0.5727176527636231,0.47700314829324575,0.4880080970096244
235,2.0,1.0,1.0,2.0,1.0,1.0,1.0,2.0,0.13070098600339122,1.0,4.0,3.0,0.5909090909090909,3.0,1.0,1.0,0.8302169684681001,0.53125,2.0,0.32289329643637205,2.0,2.0,0.7851232817925683,0.898885078144037,0.8643083263622048
236,1.0,1.0,2.0,3.0,1.0,1.0,1.0,1.0,0.337857147626047,1.0,5.0,4.0,0.045454545454545456,1.0,1.0,1.0,0.08333088772816072,0.59375,2.0,0.32289329643637205,1.0,2.0,0.5570373168557271,0.66389737269596,0.7224480318180554
237,1.0,2.0,1.0,1.0,1.0,1.0,1.0,1.0,0.26140197200678245,1.0,5.0,2.0,0.4090909090909091,2.0,1.0,1.0,0.628244796453217,0.65625,3.0,0.24982435632725106,2.0,1.0,0.9168366512546114,0.21408148517639025,0.8168516481812468
238,1.0,1.0,2.0,2.0,1.0,1.0,1.0,1.0,0.8442540815773761,1.0,1.0,4.0,0.22727272727272727,1.0,1.0,1.0,0.9801005052598412,0.78125,1.0,0.5871421635198218,1.0,3.0,0.7706987710363696,0.6833526255416166,0.7020988390187682
239,1.0,2.0,1.0,2.0,1.0,1.0,3.0,4.0,0.13070098600339122,1.0,2.0,5.0,0.9545454545454546,3.0,1.0,1.0,0.08333088772816072,0.53125,3.0,0.8437677111454907,2.0,1.0,0.24982435632725106,0.3074285325717754,0.5485183117424776
240,1.0,1.0,1.0,1.0,1.0,1.0,1.0,4.0,0.8566912257611031,1.0,4.0,4.0,0.5,1.0,1.0,1.0,0.21540721992910022,0.40625,1.0,0.6899601551528175,1.0,2.0,0.32289329643637205,0.6958737448194241,0.7241077720188801
241,1.0,1.0,2.0,3.0,1.0,1.0,3.0,4.0,0.43417927743414525,1.0,5.0,1.0,0.7727272727272727,3.0,1.0,1.0,0.4703075465040026,0.59375,1.0,0.37473653449087657,2.0,3.0,0.12491217816362553,0.7167308751754464,0.7589432140505199
242,1.0,2.0,1.0,4.0,1.0,1.0,2.0,4.0,0.721934993907472,1.0,5.0,2.0,0.8636363636363636,2.0,1.0,1.0,0.9609202538368788,0.09375,3.0,0.37473653449087657,1.0,1.0,0.32289329643637205,0.13486486393670402,0.47332418905691576
243,1.0,1.0,2.0,4.0,1.0,1.0,2.0,3.0,0.13070098600339122,1.0,2.0,5.0,0.6818181818181818,1.0,1.0,1.0,0.29873810765726094,0.96875,1.0,0.7437516303442471,2.0,2.0,0.956603877148215,0.7085246374009396,0.04147492875934174
244,2.0,2.0,1.0,4.0,1.0,1.0,2.0,3.0,0.6413354390568011,1.0,1.0,1.0,0.5909090909090909,1.0,1.0,1.0,0.4922264370451819,0.96875,3.0,0.8535111748218039,1.0,2.0,0.32289329643637205,0.18951596661945835,0.6297069792121444
245,2.0,2.0,1.0,3.0,1.0,1.0,1.0,3.0,0.39210295801017364,1.0,5.0,5.0,0.8636363636363636,3.0,1.0,1.0,0.08333088772816072,0.34375,2.0,0.9474541872544997,2.0,3.0,0.7254093526834671,0.5535958267203293,0.1878865183675864
246,1.0,2.0,2.0,1.0,1.0,1.0,2.0,1.0,0.864549098752196,1.0,1.0,6.0,0.045454545454545456,1.0,1.0,1.0,0.6637958758919233,0.65625,1.0,0.24982435632725106,1.0,3.0,0.5871421635198218,0.7699959189782818,0.6313688802909749
247,1.0,2.0,2.0,4.0,1.0,1.0,2.0,2.0,0.13070098600339122,1.0,5.0,6.0,0.8636363636363636,3.0,1.0,1.0,0.16666177545632144,0.34375,3.0,0.7437516303442471,2.0,1.0,0.37473653449087657,0.5041508072924886,0.49519019535899095
248,2.0,2.0,1.0,1.0,1.0,1.0,1.0,4.0,0.8720925712296893,1.0,4.0,1.0,0.22727272727272727,1.0,1.0,1.0,0.5775444949498244,0.78125,1.0,0.9831044000653149,2.0,3.0,0.41494927403532333,0.7029296344424327,0.8426790747347636
249,1.0,2.0,1.0,3.0,1.0,1.0,2.0,1.0,0.675714295252094,1.0,4.0,2.0,0.045454545454545456,1.0,1.0,1.0,0.21540721992910022,0.71875,3.0,0.6899601551528175,2.0,1.0,0.7550184351284736,0.6890400658311177,0.48231939695978604
250,2.0,2.0,1.0,1.0,1.0,1.0,1.0,3.0,0.9913620776430032,1.0,3.0,5.0,0.6818181818181818,1.0,1.0,1.0,0.7572663457580644,0.34375,1.0,0.8905342703915394,2.0,3.0,0.5398614521989489,0.6631243185053987,0.8388949552342998
251,1.0,1.0,2.0,1.0,1.0,1.0,3.0,3.0,0.9546113453393338,1.0,2.0,6.0,0.3181818181818182,3.0,1.0,1.0,0.48393204100756376,0.15625,2.0,0.6004971745198415,1.0,2.0,0.6245608908181276,0.7734713905735481,0.3432653992813952
252,2.0,2.0,2.0,2.0,1.0,1.0,1.0,1.0,0.9058542037499878,1.0,2.0,3.0,0.7727272727272727,3.0,1.0,1.0,0.08333088772816072,0.40625,2.0,0.9474541872544997,1.0,3.0,0.12491217816362553,0.6557351063982967,0.4596277950383148
253,1.0,1.0,2.0,3.0,1.0,1.0,1.0,4.0,0.9235448243807354,1.0,4.0,1.0,0.7727272727272727,2.0,1.0,1.0,0.6505938164638851,0.65625,3.0,0.9474541872544997,1.0,2.0,0.7049863699070212,0.8033829543460103,0.22268930100132925
254,1.0,1.0,1.0,2.0,1.0,1.0,1.0,2.0,0.13070098600339122,1.0,1.0,6.0,0.7727272727272727,2.0,1.0,1.0,0.24999266318448213,0.84375,1.0,0.7494730689817531,2.0,2.0,0.8686638085078726,0.7307708443387287,0.8338782233873189
255,1.0,2.0,2.0,2.0,1.0,1.0,1.0,2.0,0.13070098600339122,1.0,1.0,1.0,0.9545454545454546,2.0,1.0,1.0,0.953291263022199,0.40625,2.0,0.6899601551528175,2.0,1.0,0.8369665198470728,0.24938591635106455,0.7535945744123449
256,1.0,1.0,1.0,1.0,1.0,1.0,1.0,1.0,0.6535049300169562,1.0,1.0,5.0,0.8636363636363636,3.0,1.0,1.0,0.08333088772816072,0.53125,1.0,0.12491217816362553,1.0,3.0,0.12491217816362553,0.969442830627193,0.30899985526182744
257,1.0,2.0,2.0,2.0,1.0,1.0,2.0,2.0,0.9235448243807354,1.0,3.0,5.0,0.3181818181818182,2.0,1.0,1.0,0.8148158474786069,0.53125,2.0,0.12491217816362553,2.0,2.0,0.12491217816362553,0.9523786355215749,0.026875901996983014
258,2.0,2.0,1.0,1.0,1.0,1.0,1.0,2.0,0.8215082674331988,1.0,4.0,2.0,0.7727272727272727,2.0,1.0,1.0,0.2768192171160816,0.84375,1.0,0.32289329643637205,2.0,3.0,0.24982435632725106,0.5981827503495516,0.7618147491523549
259,1.0,1.0,2.0,2.0,1.0,1.0,1.0,1.0,0.13070098600339122,1.0,5.0,3.0,0.13636363636363635,2.0,1.0,1.0,0.46028332121972676,0.84375,2.0,0.24982435632725106,1.0,1.0,0.6245608908181276,0.5941727002370413,0.49912226593757686
260,2.0,2.0,1.0,4.0,1.0,1.0,2.0,4.0,0.6143521058105431,1.0,5.0,3.0,0.5,1.0,1.0,1.0,0.43731445842829303,0.84375,1.0,0.24982435632725106,2.0,2.0,0.12491217816362553,0.5322103678958032,0.3732355610232389
261,2.0,1.0,1.0,1.0,1.0,1.0,1.0,1.0,0.13070098600339122,1.0,3.0,6.0,0.13636363636363635,1.0,1.0,1.0,0.4703075465040026,0.84375,3.0,0.9964594110653346,2.0,1.0,0.12491217816362553,0.7767291084487196,0.5486579842157018
262,1.0,2.0,1.0,4.0,1.0,1.0,2.0,1.0,0.26140197200678245,1.0,2.0,5.0,0.6818181818181818,3.0,1.0,1.0,0.7725992446540925,0.09375,1.0,0.8109115105808163,1.0,2.0,0.12491217816362553,0.7105262610117273,0.22921287760818254
263,1.0,1.0,2.0,2.0,1.0,1.0,1.0,3.0,0.13070098600339122,1.0,2.0,4.0,0.6818181818181818,3.0,1.0,1.0,0.9016551183156265,0.90625,3.0,0.6245608908181276,2.0,1.0,0.24982435632725106,0.27158506071646793,0.4292453154907876
264,2.0,1.0,1.0,2.0,1.0,1.0,1.0,1.0,0.5450133092487028,1.0,3.0,4.0,0.22727272727272727,3.0,1.0,1.0,0.5512096433743239,0.90625,2.0,0.4478054745999976,1.0,3.0,0.865733497114947,0.8899881035702412,0.839735938402156
265,1.0,2.0,2.0,2.0,1.0,1.0,1.0,4.0,0.9728000536749563,1.0,3.0,1.0,0.045454545454545456,1.0,1.0,1.0,0.4961684642522775,0.78125,1.0,0.4996487126545021,1.0,1.0,0.6976298309272486,0.9550780819560853,0.47539036913032007
266,2.0,2.0,1.0,2.0,1.0,1.0,3.0,2.0,0.13070098600339122,1.0,2.0,3.0,0.22727272727272727,3.0,1.0,1.0,0.37160839554407465,0.84375,2.0,0.7494730689817531,2.0,1.0,0.24982435632725106,0.7438516833519995,0.5544228007154013
267,2.0,1.0,2.0,4.0,1.0,1.0,2.0,4.0,0.337857147626047,1.0,4.0,4.0,0.5,1.0,1.0,1.0,0.24999266318448213,0.40625,2.0,0.4996487126545021,1.0,1.0,0.24982435632725106,0.49072753103891903,0.5028713856228249
268,2.0,1.0,2.0,1.0,1.0,1.0,2.0,3.0,0.13070098600339122,1.0,1.0,4.0,0.045454545454545456,3.0,1.0,1.0,0.16666177545632144,0.03125,1.0,0.12491217816362553,2.0,1.0,0.9653113766547243,0.2357227330827176,0.9894882203371748
269,1.0,2.0,2.0,4.0,1.0,1.0,2.0,3.0,0.9371162672588765,1.0,4.0,3.0,0.6818181818181818,3.0,1.0,1.0,0.8459989083785576,0.21875,1.0,0.475584996356216,2.0,3.0,0.37473653449087657,0.6522403899809828,0.6926872983022037
270,2.0,1.0,2.0,3.0,1.0,1.0,1.0,3.0,0.8354821900038407,1.0,5.0,2.0,0.5909090909090909,1.0,1.0,1.0,0.08333088772816072,0.53125,1.0,0.32289329643637205,1.0,3.0,0.865733497114947,0.8056747319663935,0.4083392535215065
271,1.0,1.0,2.0,1.0,1.0,1.0,2.0,1.0,0.13070098600339122,1.0,5.0,2.0,0.13636363636363635,1.0,1.0,1.0,0.931008302373951,0.09375,2.0,0.12491217816362553,2.0,2.0,0.24982435632725106,0.051897455490780516,0.7480626719082201
272,1.0,2.0,2.0,2.0,1.0,1.0,1.0,2.0,0.9119373656231052,1.0,5.0,6.0,0.13636363636363635,3.0,1.0,1.0,0.31727026555124227,0.34375,2.0,0.6457865928727441,2.0,3.0,0.5398614521989489,0.9767817353454061,0.012059490368108902
273,2.0,1.0,1.0,4.0,1.0,1.0,2.0,3.0,0.39210295801017364,1.0,5.0,5.0,0.3181818181818182,3.0,1.0,1.0,0.8597591521627496,0.03125,1.0,0.24982435632725106,1.0,1.0,0.24982435632725106,0.0687145272376045,0.7138735556573074
274,2.0,2.0,1.0,2.0,1.0,1.0,3.0,3.0,0.46855813362943827,1.0,2.0,6.0,0.3181818181818182,1.0,1.0,1.0,0.34748355213003973,0.71875,3.0,0.12491217816362553,1.0,3.0,0.8930904860164371,0.5072028517321934,0.8981101135368835
275,2.0,2.0,2.0,4.0,1.0,1.0,3.0,4.0,0.43417927743414525,1.0,4.0,2.0,0.5,2.0,1.0,1.0,0.08333088772816072,0.65625,3.0,0.8686638085078726,1.0,2.0,0.41494927403532333,0.18102187123625815,0.15623220007966201
276,1.0,2.0,1.0,2.0,1.0,1.0,1.0,2.0,0.13070098600339122,1.0,4.0,3.0,0.3181818181818182,2.0,1.0,1.0,0.34748355213003973,0.53125,3.0,0.7254093526834671,2.0,1.0,0.12491217816362553,0.10015524763583228,0.5930896029915532
277,2.0,1.0,2.0,2.0,1.0,1.0,3.0,2.0,0.46855813362943827,1.0,3.0,1.0,0.4090909090909091,3.0,1.0,1.0,0.08333088772816072,0.40625,1.0,0.12491217816362553,1.0,1.0,0.12491217816362553,0.6839100644234436,0.4014921301110033
278,2.0,1.0,2.0,3.0,1.0,1.0,2.0,3.0,0.9473112724881843,1.0,3.0,3.0,0.045454545454545456,1.0,1.0,1.0,0.8551494734152792,0.03125,2.0,0.37473653449087657,2.0,1.0,0.12491217816362553,0.6740614176803289,0.47234385580457855
279,1.0,2.0,2.0,1.0,1.0,1.0,2.0,1.0,0.26140197200678245,1.0,3.0,3.0,0.9545454545454546,2.0,1.0,1.0,0.16666177545632144,0.65625,3.0,0.24982435632725106,1.0,1.0,0.12491217816362553,0.8778976819337969,0.7095312956589116
280,2.0,1.0,2.0,2.0,1.0,1.0,3.0,4.0,0.7900082711932495,1.0,1.0,3.0,0.13636363636363635,3.0,1.0,1.0,0.4434809925724031,0.34375,1.0,0.12491217816362553,1.0,3.0,0.12491217816362553,0.33140071186047415,0.3669878208421034
281,1.0,2.0,1.0,3.0,1.0,1.0,1.0,4.0,0.13070098600339122,1.0,3.0,6.0,0.5,2.0,1.0,1.0,0.9769430739216509,0.09375,1.0,0.12491217816362553,2.0,3.0,0.475584996356216,0.48208107226142505,0.33874244104821605
282,2.0,2.0,1.0,4.0,1.0,1.0,2.0,2.0,0.5450133092487028,1.0,2.0,4.0,0.3181818181818182,1.0,1.0,1.0,0.9095054020695518,0.53125,1.0,0.37473653449087657,1.0,1.0,0.5871421635198218,0.3159284581359929,0.2691466839244671
283,2.0,2.0,1.0,1.0,1.0,1.0,2.0,3.0,0.89956823286098,1.0,4.0,1.0,0.9545454545454546,3.0,1.0,1.0,0.8570916975389852,0.15625,1.0,0.7851232817925683,2.0,2.0,0.37473653449087657,0.6117537100598781,0.6115157334320567
284,1.0,1.0,2.0,1.0,1.0,1.0,3.0,3.0,0.5828521095705937,1.0,4.0,5.0,0.5909090909090909,1.0,1.0,1.0,0.8785602009281152,0.34375,3.0,0.12491217816362553,2.0,1.0,0.9703408243844186,0.805548708898255,0.6642546335055625
285,2.0,1.0,2.0,3.0,1.0,1.0,1.0,3.0,0.8930654621040577,1.0,4.0,6.0,0.22727272727272727,1.0,1.0,1.0,0.6964422277790941,0.09375,2.0,0.887941273425564,1.0,2.0,0.5208744147091185,0.87856889413278,0.3589592469380807
286,1.0,2.0,1.0,1.0,1.0,1.0,3.0,2.0,0.46855813362943827,1.0,2.0,2.0,0.22727272727272727,1.0,1.0,1.0,0.48393204100756376,0.28125,2.0,0.5871421635198218,1.0,1.0,0.32289329643637205,0.6112966618953712,0.254111920012375
287,2.0,2.0,1.0,3.0,1.0,1.0,1.0,4.0,0.6143521058105431,1.0,5.0,5.0,0.045454545454545456,2.0,1.0,1.0,0.3333235509126429,0.96875,3.0,0.9548107262342722,2.0,1.0,0.6354860648270869,0.5556933916534194,0.4803844335629881
288,2.0,2.0,1.0,1.0,1.0,1.0,1.0,1.0,0.8215082674331988,1.0,2.0,2.0,0.3181818181818182,2.0,1.0,1.0,0.6849106091974653,0.46875,3.0,0.6457865928727441,2.0,1.0,0.12491217816362553,0.2785235292783398,0.7255289361451082
289,2.0,1.0,1.0,3.0,1.0,1.0,3.0,1.0,0.7656438920523007,1.0,5.0,4.0,0.8636363636363636,1.0,1.0,1.0,0.5355063467855168,0.21875,2.0,0.6457865928727441,1.0,2.0,0.6457865928727441,0.799325256668322,0.577393756844774
290,1.0,2.0,1.0,4.0,1.0,1.0,1.0,1.0,0.26140197200678245,1.0,5.0,1.0,0.8636363636363636,1.0,1.0,1.0,0.5755573247733425,0.28125,2.0,0.12491217816362553,1.0,3.0,0.12491217816362553,0.1514683022575182,0.4527817037575086
291,1.0,2.0,1.0,2.0,1.0,1.0,2.0,1.0,0.9344789981941681,1.0,2.0,3.0,0.22727272727272727,2.0,1.0,1.0,0.6229595032215186,0.71875,2.0,0.6245608908181276,2.0,3.0,0.41494927403532333,0.72400417061045,0.2578132226220878
292,2.0,2.0,2.0,3.0,1.0,1.0,3.0,3.0,0.337857147626047,1.0,5.0,1.0,0.9545454545454546,2.0,1.0,1.0,0.40889554931702116,0.65625,1.0,0.12491217816362553,1.0,1.0,0.4478054745999976,0.6732166955284076,0.2726642262983092
293,1.0,2.0,2.0,2.0,1.0,1.0,1.0,3.0,0.6283260283811848,1.0,2.0,2.0,0.6818181818181818,2.0,1.0,1.0,0.24999266318448213,0.59375,3.0,0.32289329643637205,1.0,3.0,0.8826405918785297,0.8863682021207299,0.023067473600655457
294,1.0,2.0,1.0,2.0,1.0,1.0,1.0,3.0,0.8215082674331988,1.0,4.0,6.0,0.9545454545454546,3.0,1.0,1.0,0.2768192171160816,0.03125,2.0,0.12491217816362553,1.0,1.0,0.6245608908181276,0.5568203234868541,0.9224636366440168
295,1.0,2.0,1.0,4.0,1.0,1.0,1.0,2.0,0.9027374110635834,1.0,2.0,4.0,0.5,3.0,1.0,1.0,0.08333088772816072,0.40625,3.0,0.24982435632725106,2.0,3.0,0.37473653449087657,0.7642788080338389,0.42327904022067503
296,1.0,2.0,2.0,4.0,1.0,1.0,2.0,4.0,0.26140197200678245,1.0,3.0,5.0,0.3181818181818182,1.0,1.0,1.0,0.24999266318448213,0.84375,3.0,0.5398614521989489,1.0,2.0,0.7756363451061675,0.5999874881454189,0.9566833978328915
297,2.0,1.0,2.0,1.0,1.0,1.0,3.0,2.0,0.13070098600339122,1.0,5.0,5.0,0.6818181818181818,2.0,1.0,1.0,0.31727026555124227,0.53125,1.0,0.12491217816362553,1.0,3.0,0.9100354599561938,0.5022336157756088,0.06406761646750929
298,2.0,1.0,1.0,4.0,1.0,1.0,2.0,4.0,0.43417927743414525,1.0,2.0,3.0,0.6818181818181818,3.0,1.0,1.0,0.8495381388517573,0.90625,2.0,0.6647736303625744,2.0,1.0,0.9053544128763085,0.2792390616650431,0.6990139597756407
299,1.0,1.0,1.0,3.0,1.0,1.0,3.0,1.0,0.6649364096070336,1.0,4.0,2.0,0.8636363636363636,3.0,1.0,1.0,0.08333088772816072,0.03125,2.0,0.4478054745999976,2.0,2.0,0.9799972510245154,0.23116668483341152,0.09491051520153304
300,2.0,1.0,1.0,4.0,1.0,1.0,2.0,1.0,0.9893875919121558,1.0,3.0,1.0,0.13636363636363635,2.0,1.0,1.0,0.21540721992910022,0.90625,2.0,0.7188555329818651,1.0,2.0,0.8298985480706467,0.5844362500899677,0.5439902899771448
301,2.0,1.0,2.0,3.0,1.0,1.0,1.0,2.0,0.46855813362943827,1.0,2.0,1.0,0.3181818181818182,2.0,1.0,1.0,0.24999266318448213,0.46875,1.0,0.24982435632725106,2.0,2.0,0.7984782927925881,0.06941124303858227,0.9437375826242644
302,1.0,1.0,2.0,4.0,1.0,1.0,1.0,1.0,0.13070098600339122,1.0,1.0,2.0,0.4090909090909091,1.0,1.0,1.0,0.29873810765726094,0.71875,2.0,0.6004971745198415,2.0,1.0,0.5570373168557271,0.844592955516622,0.17855843960131482
303,1.0,2.0,2.0,3.0,1.0,1.0,1.0,4.0,0.6859093004814018,1.0,1.0,1.0,0.7727272727272727,2.0,1.0,1.0,0.6978994705724896,0.78125,1.0,0.4478054745999976,1.0,1.0,0.5398614521989489,0.8847344754548546,0.7877613729627663
304,2.0,2.0,2.0,2.0,1.0,1.0,2.0,2.0,0.9149069020237386,1.0,1.0,6.0,0.13636363636363635,2.0,1.0,1.0,0.08333088772816072,0.03125,2.0,0.12491217816362553,2.0,1.0,0.12491217816362553,0.2686100906990895,0.5772751529722067
305,2.0,1.0,1.0,4.0,1.0,1.0,2.0,1.0,0.13070098600339122,1.0,1.0,5.0,0.4090909090909091,2.0,1.0,1.0,0.31727026555124227,0.90625,1.0,0.9636032105006604,2.0,2.0,0.12491217816362553,0.7236394914464742,0.8593003898708335
306,1.0,2.0,1.0,3.0,1.0,1.0,2.0,2.0,0.13070098600339122,1.0,4.0,3.0,0.4090909090909091,2.0,1.0,1.0,0.5072736825735823,0.40625,2.0,0.5398614521989489,1.0,1.0,0.12491217816362553,0.7243811070093888,0.22575297966129781
307,2.0,1.0,2.0,4.0,1.0,1.0,1.0,3.0,0.675714295252094,1.0,4.0,3.0,0.8636363636363636,3.0,1.0,1.0,0.44934659775218183,0.53125,1.0,0.9950234657787189,2.0,3.0,0.7603982429907125,0.5277037864325304,0.02942468799075959
308,2.0,2.0,1.0,3.0,1.0,1.0,2.0,1.0,0.7450530918139343,1.0,5.0,3.0,0.4090909090909091,1.0,1.0,1.0,0.8732893925976034,0.28125,1.0,0.7896858085261999,2.0,3.0,0.9168366512546114,0.6570367244388345,0.4509961971587287
309,2.0,2.0,2.0,2.0,1.0,1.0,2.0,3.0,0.9235448243807354,1.0,1.0,6.0,0.045454545454545456,2.0,1.0,1.0,0.16666177545632144,0.90625,2.0,0.8627547486353208,2.0,3.0,0.7378425704716953,0.2600180345020734,0.016704138097438797
310,1.0,2.0,2.0,2.0,1.0,1.0,2.0,4.0,0.9639249254909328,1.0,1.0,6.0,0.13636363636363635,3.0,1.0,1.0,0.4795598843309793,0.46875,1.0,0.12491217816362553,1.0,1.0,0.5398614521989489,0.052092388467872466,0.5566544694840433
311,1.0,1.0,2.0,3.0,1.0,1.0,3.0,2.0,0.8930654621040577,1.0,1.0,1.0,0.4090909090909091,3.0,1.0,1.0,0.803931274997013,0.46875,3.0,0.4996487126545021,1.0,3.0,0.12491217816362553,0.01995750200764412,0.4541925506342938
312,2.0,1.0,2.0,3.0,1.0,1.0,1.0,3.0,0.5648802634375365,1.0,3.0,6.0,0.5909090909090909,3.0,1.0,1.0,0.36015010484424237,0.09375,1.0,0.7188555329818651,1.0,2.0,0.5570373168557271,0.15873015335808993,0.8309807052728077
313,2.0,2.0,1.0,4.0,1.0,1.0,1.0,3.0,0.39210295801017364,1.0,2.0,5.0,0.9545454545454546,3.0,1.0,1.0,0.5297804523227726,0.53125,3.0,0.24982435632725106,1.0,2.0,0.24982435632725106,0.7175766899351722,0.7799039054712167
314,1.0,1.0,2.0,1.0,1.0,1.0,3.0,4.0,0.7720364250601922,1.0,3.0,3.0,0.8636363636363636,2.0,1.0,1.0,0.4239427948454216,0.21875,3.0,0.12491217816362553,1.0,1.0,0.12491217816362553,0.5489287224849633,0.3024034847316126
315,2.0,2.0,1.0,1.0,1.0,1.0,3.0,2.0,0.46855813362943827,1.0,3.0,5.0,0.5909090909090909,2.0,1.0,1.0,0.29873810765726094,0.78125,3.0,0.9190478468489942,2.0,3.0,0.24982435632725106,0.8570720411063731,0.2919400476015063
316,1.0,2.0,2.0,4.0,1.0,1.0,2.0,2.0,0.337857147626047,1.0,1.0,1.0,0.5909090909090909,1.0,1.0,1.0,0.5206453461564537,0.65625,3.0,0.6555300565490574,2.0,2.0,0.8743852471453787,0.8749744658533422,0.46667786216313206
317,1.0,1.0,1.0,1.0,1.0,1.0,1.0,4.0,0.8606610916396119,1.0,4.0,6.0,0.4090909090909091,2.0,1.0,1.0,0.34748355213003973,0.59375,2.0,0.929714284015254,2.0,3.0,0.12491217816362553,0.36348740739186713,0.5080658345123724
318,2.0,1.0,1.0,2.0,1.0,1.0,1.0,3.0,0.43417927743414525,1.0,3.0,1.0,0.8636363636363636,2.0,1.0,1.0,0.5512096433743239,0.21875,3.0,0.5208744147091185,2.0,3.0,0.12491217816362553,0.8339756412027199,0.42628746853558663
319,1.0,1.0,1.0,2.0,1.0,1.0,1.0,2.0,0.6283260283811848,1.0,2.0,3.0,0.13636363636363635,3.0,1.0,1.0,0.6919614212456086,0.40625,2.0,0.41494927403532333,2.0,3.0,0.9123311620843564,0.836456366945447,0.5381447456187158
320,2.0,2.0,2.0,4.0,1.0,1.0,1.0,2.0,0.13070098600339122,1.0,5.0,4.0,0.5909090909090909,3.0,1.0,1.0,0.5628907720591401,0.15625,2.0,0.24982435632725106,1.0,3.0,0.41494927403532333,0.19095995659340403,0.9144163184847823
321,2.0,2.0,1.0,2.0,1.0,1.0,2.0,1.0,0.5648802634375365,1.0,3.0,5.0,0.7727272727272727,3.0,1.0,1.0,0.6174311242333423,0.03125,2.0,0.8225420090908742,1.0,3.0,0.5208744147091185,0.9641040023816928,0.6487813922600348
322,1.0,1.0,1.0,3.0,1.0,1.0,3.0,4.0,0.39210295801017364,1.0,3.0,6.0,0.8636363636363636,1.0,1.0,1.0,0.40889554931702116,0.28125,3.0,0.5398614521989489,2.0,3.0,0.12491217816362553,0.6604485854533656,0.29517880819268577
323,2.0,1.0,1.0,2.0,1.0,1.0,3.0,3.0,0.8399191397584053,1.0,4.0,6.0,0.7727272727272727,1.0,1.0,1.0,0.795872208092863,0.71875,2.0,0.6555300565490574,2.0,3.0,0.5570373168557271,0.8205432958613216,0.5654723567749029
324,1.0,1.0,1.0,1.0,1.0,1.0,3.0,2.0,0.13070098600339122,1.0,5.0,5.0,0.7727272727272727,1.0,1.0,1.0,0.40889554931702116,0.34375,2.0,0.12491217816362553,2.0,2.0,0.41494927403532333,0.7158818948757313,0.233537588555892
325,2.0,1.0,2.0,3.0,1.0,1.0,3.0,4.0,0.337857147626047,1.0,3.0,2.0,0.4090909090909091,2.0,1.0,1.0,0.7678373921468932,0.84375,3.0,0.7896858085261999,1.0,1.0,0.12491217816362553,0.32373429551538146,0.5123305196868243
326,2.0,2.0,2.0,2.0,1.0,1.0,2.0,3.0,0.26140197200678245,1.0,4.0,6.0,0.22727272727272727,3.0,1.0,1.0,0.7333868014670398,0.15625,1.0,0.8597259348185252,2.0,2.0,0.12491217816362553,0.5829425618865428,0.7693098578589238
327,1.0,2.0,1.0,4.0,1.0,1.0,2.0,3.0,0.7590270143845761,1.0,3.0,1.0,0.6818181818181818,2.0,1.0,1.0,0.9443086653429387,0.15625,1.0,0.6245608908181276,1.0,1.0,0.4996487126545021,0.972411141504251,0.2969071947449821
328,2.0,1.0,2.0,2.0,1.0,1.0,3.0,1.0,0.26140197200678245,1.0,4.0,4.0,0.5,3.0,1.0,1.0,0.08333088772816072,0.21875,2.0,0.32289329643637205,1.0,2.0,0.12491217816362553,0.574525395121738,0.06371494559363604
329,1.0,2.0,1.0,3.0,1.0,1.0,2.0,3.0,0.13070098600339122,1.0,1.0,2.0,0.3181818181818182,3.0,1.0,1.0,0.4922264370451819,0.96875,2.0,0.6354860648270869,2.0,2.0,0.32289329643637205,0.3363915551551714,0.6667090513564977
330,2.0,2.0,1.0,4.0,1.0,1.0,1.0,3.0,0.13070098600339122,1.0,1.0,6.0,0.045454545454545456,3.0,1.0,1.0,0.08333088772816072,0.84375,2.0,0.12491217816362553,2.0,3.0,0.5727176527636231,0.5362612103842013,0.7682115979466193
331,2.0,2.0,2.0,4.0,1.0,1.0,2.0,4.0,0.7135530955739849,1.0,4.0,4.0,0.3181818181818182,3.0,1.0,1.0,0.29873810765726094,0.09375,2.0,0.12491217816362553,2.0,1.0,0.6555300565490574,0.5403756089842794,0.981939461134178
332,1.0,1.0,2.0,3.0,1.0,1.0,3.0,3.0,0.13070098600339122,1.0,1.0,1.0,0.6818181818181818,3.0,1.0,1.0,0.16666177545632144,0.21875,3.0,0.6457865928727441,2.0,3.0,0.32289329643637205,0.5525288790341188,0.5687268697319984
333,2.0,2.0,2.0,2.0,1.0,1.0,1.0,1.0,0.6535049300169562,1.0,3.0,1.0,0.8636363636363636,3.0,1.0,1.0,0.08333088772816072,0.03125,3.0,0.9686798893091162,1.0,1.0,0.12491217816362553,0.14993066963018942,0.5631037877569692
334,2.0,2.0,2.0,2.0,1.0,1.0,1.0,3.0,0.26140197200678245,1.0,2.0,5.0,0.4090909090909091,1.0,1.0,1.0,0.731210795302143,0.09375,1.0,0.12491217816362553,1.0,1.0,0.12491217816362553,0.23512485885260448,0.007211441764998365
335,1.0,2.0,1.0,2.0,1.0,1.0,2.0,2.0,0.13070098600339122,1.0,4.0,2.0,0.4090909090909091,1.0,1.0,1.0,0.43081443985820045,0.65625,3.0,0.6245608908181276,2.0,3.0,0.5398614521989489,0.059848915918753964,0.9705807758025107
336,2.0,1.0,2.0,3.0,1.0,1.0,3.0,3.0,0.337857147626047,1.0,4.0,4.0,0.22727272727272727,1.0,1.0,1.0,0.6484276126601562,0.65625,3.0,0.9168366512546114,1.0,3.0,0.9190478468489942,0.9757946294700054,0.7352598173904958
337,1.0,1.0,1.0,1.0,1.0,1.0,2.0,4.0,0.13070098600339122,1.0,4.0,1.0,0.5909090909090909,3.0,1.0,1.0,0.3333235509126429,0.90625,2.0,0.8403991984910987,1.0,1.0,0.24982435632725106,0.6453418855829169,0.34061619670954624
338,1.0,1.0,1.0,3.0,1.0,1.0,2.0,3.0,0.7135530955739849,1.0,3.0,6.0,0.3181818181818182,1.0,1.0,1.0,0.08333088772816072,0.78125,3.0,0.8068616731829781,1.0,1.0,0.6129303923080699,0.7655085003649145,0.4297108045270092
339,2.0,2.0,1.0,3.0,1.0,1.0,1.0,1.0,0.13070098600339122,1.0,3.0,1.0,0.5,2.0,1.0,1.0,0.16666177545632144,0.65625,3.0,0.9317738513466036,2.0,1.0,0.12491217816362553,0.2699390331860938,0.5153230165099143
340,1.0,2.0,1.0,3.0,1.0,1.0,2.0,2.0,0.43417927743414525,1.0,2.0,3.0,0.13636363636363635,2.0,1.0,1.0,0.29873810765726094,0.09375,1.0,0.32289329643637205,1.0,3.0,0.12491217816362553,0.4628647072646108,0.39217547605523145
341,1.0,2.0,2.0,2.0,1.0,1.0,3.0,4.0,0.43417927743414525,1.0,3.0,2.0,0.22727272727272727,3.0,1.0,1.0,0.5487307708417432,0.90625,3.0,0.5398614521989489,1.0,2.0,0.6555300565490574,0.4093802883688068,0.5856560477296692
342,2.0,2.0,2.0,3.0,1.0,1.0,3.0,2.0,0.46855813362943827,1.0,1.0,1.0,0.4090909090909091,3.0,1.0,1.0,0.08333088772816072,0.03125,3.0,0.5570373168557271,1.0,1.0,0.12491217816362553,0.8201217518367815,0.6914373091396507
343,1.0,2.0,2.0,3.0,1.0,1.0,1.0,1.0,0.46855813362943827,1.0,3.0,5.0,0.5,1.0,1.0,1.0,0.6816390860065958,0.15625,3.0,0.12491217816362553,1.0,2.0,0.5398614521989489,0.24517462033759743,0.501843083165391
344,2.0,1.0,1.0,1.0,1.0,1.0,1.0,1.0,0.26140197200678245,1.0,3.0,4.0,0.8636363636363636,2.0,1.0,1.0,0.31727026555124227,0.53125,3.0,0.12491217816362553,2.0,3.0,0.5570373168557271,0.20766074680443067,0.6081688289505238
345,2.0,2.0,1.0,1.0,1.0,1.0,2.0,3.0,0.4976250423777936,1.0,4.0,5.0,0.22727272727272727,3.0,1.0,1.0,0.7844459720681913,0.96875,3.0,0.8437677111454907,1.0,2.0,0.6899601551528175,0.34550324095330875,0.5945009566524305
346,1.0,2.0,1.0,4.0,1.0,1.0,3.0,2.0,0.26140197200678245,1.0,4.0,5.0,0.7727272727272727,1.0,1.0,1.0,0.556019127046361,0.78125,3.0,0.7120543416834474,1.0,3.0,0.12491217816362553,0.002354754231167592,0.3141267563892944
347,2.0,1.0,1.0,2.0,1.0,1.0,2.0,4.0,0.26140197200678245,1.0,2.0,6.0,0.045454545454545456,1.0,1.0,1.0,0.583316214097125,0.59375,1.0,0.8334671830998334,1.0,1.0,0.12491217816362553,0.6677723330120606,0.9766769712659781
348,2.0,2.0,1.0,1.0,1.0,1.0,1.0,4.0,0.8166102864847931,1.0,5.0,4.0,0.6818181818181818,1.0,1.0,1.0,0.636969321960324,0.59375,1.0,0.24982435632725106,1.0,3.0,0.12491217816362553,0.14681961333563398,0.5086505082884305
349,2.0,2.0,2.0,3.0,1.0,1.0,2.0,1.0,0.337857147626047,1.0,1.0,2.0,0.5,3.0,1.0,1.0,0.6791256622283458,0.96875,1.0,0.475584996356216,1.0,1.0,0.41494927403532333,0.2840333247389044,0.7067416760158501
350,2.0,1.0,1.0,1.0,1.0,1.0,2.0,4.0,0.26140197200678245,1.0,2.0,5.0,0.4090909090909091,1.0,1.0,1.0,0.590604570301743,0.40625,3.0,0.7437516303442471,2.0,2.0,0.24982435632725106,0.557318997067389,0.2646180393812525
351,1.0,2.0,2.0,3.0,1.0,1.0,1.0,2.0,0.39210295801017364,1.0,5.0,1.0,0.5909090909090909,3.0,1.0,1.0,0.08333088772816072,0.28125,2.0,0.12491217816362553,1.0,2.0,0.41494927403532333,0.4504028927854287,0.6657722157700882
352,2.0,1.0,1.0,2.0,1.0,1.0,3.0,2.0,0.5992591196328295,1.0,2.0,5.0,0.3181818181818182,2.0,1.0,1.0,0.7572663457580644,0.40625,2.0,0.12491217816362553,2.0,1.0,0.5398614521989489,0.0353246818731794,0.42680974109288555
353,2.0,1.0,1.0,3.0,1.0,1.0,3.0,1.0,0.6535049300169562,1.0,1.0,5.0,0.4090909090909091,3.0,1.0,1.0,0.40060115327940304,0.34375,2.0,0.7656220922279139,2.0,3.0,0.32289329643637205,0.3610206840456045,0.8135781706817923
354,1.0,1.0,1.0,3.0,1.0,1.0,2.0,2.0,0.46855813362943827,1.0,5.0,5.0,0.3181818181818182,1.0,1.0,1.0,0.08333088772816072,0.78125,3.0,0.24982435632725106,2.0,2.0,0.5398614521989489,0.6632027637604266,0.6846325996158203
355,1.0,2.0,1.0,1.0,1.0,1.0,2.0,3.0,0.13070098600339122,1.0,2.0,1.0,0.13636363636363635,2.0,1.0,1.0,0.08333088772816072,0.21875,2.0,0.4996487126545021,2.0,1.0,0.9653113766547243,0.20825577064974277,0.5561885606606697
356,1.0,2.0,1.0,2.0,1.0,1.0,1.0,3.0,0.7590270143845761,1.0,1.0,4.0,0.22727272727272727,1.0,1.0,1.0,0.08333088772816072,0.65625,1.0,0.4478054745999976,1.0,2.0,0.5727176527636231,0.41270268702644164,0.4520040039252513
357,2.0,1.0,1.0,4.0,1.0,1.0,3.0,2.0,0.8115816774297799,1.0,3.0,4.0,0.5909090909090909,2.0,1.0,1.0,0.37160839554407465,0.40625,1.0,0.24982435632725106,1.0,2.0,0.24982435632725106,0.33039311794197834,0.7666711445252637
358,1.0,1.0,2.0,4.0,1.0,1.0,2.0,1.0,0.13070098600339122,1.0,5.0,1.0,0.22727272727272727,1.0,1.0,1.0,0.8531753558481667,0.65625,2.0,0.4478054745999976,2.0,1.0,0.9029674881797677,0.17750451808214796,0.4440741465308877
359,1.0,2.0,1.0,1.0,1.0,1.0,1.0,4.0,0.8526359799108632,1.0,1.0,5.0,0.22727272727272727,1.0,1.0,1.0,0.9463432241207985,0.53125,1.0,0.32289329643637205,1.0,3.0,0.37473653449087657,0.7644893551619037,0.5536060298251113
360,1.0,1.0,1.0,2.0,1.0,1.0,1.0,1.0,0.13070098600339122,1.0,2.0,4.0,0.13636363636363635,3.0,1.0,1.0,0.3333235509126429,0.34375,3.0,0.12491217816362553,2.0,2.0,0.865733497114947,0.39027749629516806,0.9203929983315376
361,1.0,1.0,1.0,2.0,1.0,1.0,1.0,3.0,0.6413354390568011,1.0,5.0,4.0,0.6818181818181818,2.0,1.0,1.0,0.6558444788272818,0.78125,1.0,0.6245608908181276,1.0,1.0,0.37473653449087657,0.8922894901182439,0.7584072016134286
362,1.0,2.0,1.0,3.0,1.0,1.0,2.0,3.0,0.13070098600339122,1.0,3.0,3.0,0.7727272727272727,3.0,1.0,1.0,0.7527631579421018,0.40625,2.0,0.4996487126545021,1.0,1.0,0.32289329643637205,0.751746388634995,0.3163101880121517
363,1.0,1.0,2.0,4.0,1.0,1.0,1.0,1.0,0.7842059160203474,1.0,4.0,2.0,0.5909090909090909,3.0,1.0,1.0,0.5382701710003961,0.46875,3.0,0.41494927403532333,2.0,2.0,0.12491217816362553,0.10016769040589414,0.19305045293258014
364,1.0,1.0,1.0,3.0,1.0,1.0,1.0,1.0,0.721934993907472,1.0,5.0,6.0,0.045454545454545456,2.0,1.0,1.0,0.4166544386408036,0.34375,1.0,0.9077101350483175,1.0,2.0,0.8930904860164371,0.1216839967261648,0.5041069897606563
365,2.0,1.0,1.0,2.0,1.0,1.0,1.0,3.0,0.4976250423777936,1.0,4.0,6.0,0.22727272727272727,3.0,1.0,1.0,0.16666177545632144,0.71875,2.0,0.6004971745198415,2.0,1.0,0.9417327486169935,0.22051065877702025,0.275152263786078
366,2.0,2.0,2.0,3.0,1.0,1.0,2.0,4.0,0.9593256324940144,1.0,2.0,3.0,0.3181818181818182,3.0,1.0,1.0,0.9714146949334749,0.03125,1.0,0.9935759866714982,2.0,2.0,0.24982435632725106,0.6097677731884379,0.4909777873181261
367,1.0,2.0,1.0,3.0,1.0,1.0,3.0,2.0,0.13070098600339122,1.0,5.0,5.0,0.7727272727272727,3.0,1.0,1.0,0.5206453461564537,0.65625,1.0,0.5208744147091185,2.0,1.0,0.12491217816362553,0.21737845545020773,0.6048648101366133
368,2.0,1.0,1.0,3.0,1.0,1.0,2.0,4.0,0.9749550675807674,1.0,5.0,2.0,0.5,2.0,1.0,1.0,0.16666177545632144,0.03125,1.0,0.4996487126545021,1.0,3.0,0.8956109491999952,0.48244279930596135,0.34468475993254577
369,1.0,1.0,1.0,1.0,1.0,1.0,3.0,3.0,0.43417927743414525,1.0,2.0,2.0,0.5,1.0,1.0,1.0,0.8024228354022751,0.84375,2.0,0.4996487126545021,1.0,3.0,0.24982435632725106,0.635848796026155,0.09669918534147277
370,2.0,2.0,2.0,1.0,1.0,1.0,2.0,2.0,0.26140197200678245,1.0,2.0,4.0,0.9545454545454546,2.0,1.0,1.0,0.6357610599459537,0.09375,3.0,0.24982435632725106,1.0,1.0,0.12491217816362553,0.3318955798628943,0.5578786798299364
371,2.0,1.0,2.0,2.0,1.0,1.0,2.0,4.0,0.675714295252094,1.0,2.0,5.0,0.045454545454545456,2.0,1.0,1.0,0.7815919256663547,0.40625,2.0,0.7378425704716953,1.0,1.0,0.41494927403532333,0.5549483270376595,0.9292146569345686
372,2.0,2.0,2.0,3.0,1.0,1.0,1.0,1.0,0.26140197200678245,1.0,4.0,5.0,0.22727272727272727,1.0,1.0,1.0,0.40889554931702116,0.78125,3.0,0.7188555329818651,2.0,2.0,0.32289329643637205,0.48350253831997575,0.276683753599883
373,2.0,1.0,2.0,2.0,1.0,1.0,3.0,2.0,0.9371162672588765,1.0,5.0,2.0,0.13636363636363635,2.0,1.0,1.0,0.8459989083785576,0.65625,1.0,0.37473653449087657,1.0,1.0,0.95299955340122,0.25730717724763796,0.034948359835717945
374,1.0,2.0,1.0,3.0,1.0,1.0,2.0,4.0,0.26140197200678245,1.0,3.0,2.0,0.045454545454545456,2.0,1.0,1.0,0.44934659775218183,0.09375,2.0,0.7188555329818651,1.0,1.0,0.9964594110653346,0.5360402420046303,0.33630501377601246
375,2.0,2.0,1.0,2.0,1.0,1.0,1.0,4.0,0.26140197200678245,1.0,2.0,2.0,0.8636363636363636,2.0,1.0,1.0,0.08333088772816072,0.84375,1.0,0.12491217816362553,2.0,2.0,0.951169992712432,0.15383931074888044,0.2919725457679128
376,2.0,1.0,2.0,2.0,1.0,1.0,3.0,3.0,0.7047812040004494,1.0,1.0,1.0,0.7727272727272727,3.0,1.0,1.0,0.6451033162950567,0.40625,1.0,0.8027187279659758,2.0,3.0,0.24982435632725106,0.9840031469964434,0.9655713852382967
377,2.0,2.0,1.0,1.0,1.0,1.0,3.0,2.0,0.46855813362943827,1.0,2.0,6.0,0.4090909090909091,2.0,1.0,1.0,0.6527216783573934,0.90625,1.0,0.12491217816362553,2.0,3.0,0.41494927403532333,0.7036521019272891,0.38197791698801814
378,1.0,2.0,2.0,1.0,1.0,1.0,1.0,2.0,0.46855813362943827,1.0,4.0,3.0,0.6818181818181818,3.0,1.0,1.0,0.594089482667324,0.78125,3.0,0.7494730689817531,2.0,3.0,0.12491217816362553,0.34251203594186463,0.23670993893183315
379,1.0,2.0,2.0,2.0,1.0,1.0,2.0,4.0,0.7656438920523007,1.0,1.0,5.0,0.5909090909090909,1.0,1.0,1.0,0.21540721992910022,0.21875,2.0,0.6457865928727441,2.0,2.0,0.7378425704716953,0.3455765195237006,0.8584018792701262
380,1.0,1.0,1.0,3.0,1.0,1.0,2.0,4.0,0.8566912257611031,1.0,2.0,6.0,0.4090909090909091,2.0,1.0,1.0,0.5536384342321632,0.28125,3.0,0.5208744147091185,2.0,3.0,0.37473653449087657,0.5972616970003127,0.5824946673785475
381,2.0,2.0,2.0,3.0,1.0,1.0,1.0,3.0,0.39210295801017364,1.0,2.0,3.0,0.22727272727272727,3.0,1.0,1.0,0.5206453461564537,0.65625,3.0,0.7941356686853687,1.0,3.0,0.865733497114947,0.49537892606250733,0.8393901140623626
382,2.0,1.0,2.0,2.0,1.0,1.0,1.0,4.0,0.5828521095705937,1.0,1.0,4.0,0.8636363636363636,1.0,1.0,1.0,0.8030284843329522,0.15625,1.0,0.24982435632725106,2.0,2.0,0.7049863699070212,0.4827326121769205,0.962319452655419
383,2.0,1.0,2.0,2.0,1.0,1.0,3.0,1.0,0.13070098600339122,1.0,4.0,4.0,0.8636363636363636,1.0,1.0,1.0,0.4653998831135824,0.65625,3.0,0.9005485232697931,2.0,1.0,0.956603877148215,0.6797550514053868,0.8397942796517301
384,1.0,1.0,1.0,1.0,1.0,1.0,2.0,2.0,0.46855813362943827,1.0,3.0,1.0,0.8636363636363636,2.0,1.0,1.0,0.8584328228561656,0.59375,1.0,0.6129303923080699,2.0,3.0,0.12491217816362553,0.6410210553306669,0.7578132607595708
385,1.0,1.0,1.0,3.0,1.0,1.0,3.0,2.0,0.7656438920523007,1.0,1.0,1.0,0.7727272727272727,3.0,1.0,1.0,0.7886038870617732,0.71875,3.0,0.24982435632725106,2.0,3.0,0.12491217816362553,0.9159996685843917,0.02261867643828186
386,1.0,2.0,1.0,4.0,1.0,1.0,1.0,2.0,0.13070098600339122,1.0,2.0,3.0,0.13636363636363635,1.0,1.0,1.0,0.5693907906292326,0.03125,2.0,0.5727176527636231,1.0,1.0,0.7120543416834474,0.3263664176109208,0.21775922342482934
387,1.0,1.0,1.0,1.0,1.0,1.0,2.0,2.0,0.8064152812554853,1.0,5.0,1.0,0.8636363636363636,2.0,1.0,1.0,0.08333088772816072,0.28125,3.0,0.4996487126545021,2.0,2.0,0.4478054745999976,0.560656394746095,0.3902056159727299
388,2.0,2.0,2.0,2.0,1.0,1.0,2.0,1.0,0.5992591196328295,1.0,2.0,4.0,0.22727272727272727,3.0,1.0,1.0,0.5755573247733425,0.59375,3.0,0.7494730689817531,1.0,3.0,0.9276309061296012,0.2754515444050234,0.04962910814368341
389,1.0,2.0,2.0,2.0,1.0,1.0,3.0,2.0,0.89956823286098,1.0,4.0,1.0,0.5909090909090909,3.0,1.0,1.0,0.7365786984722393,0.03125,2.0,0.5570373168557271,1.0,1.0,0.8799306132920991,0.33664295363515784,0.16900884621175502
390,1.0,2.0,2.0,4.0,1.0,1.0,2.0,4.0,0.5828521095705937,1.0,4.0,1.0,0.13636363636363635,3.0,1.0,1.0,0.36015010484424237,0.03125,1.0,0.8535111748218039,2.0,1.0,0.6899601551528175,0.8650704878127529,0.1874646159734398
391,2.0,2.0,2.0,4.0,1.0,1.0,2.0,2.0,0.13070098600339122,1.0,4.0,3.0,0.3181818181818182,2.0,1.0,1.0,0.3820689953854217,0.65625,3.0,0.12491217816362553,2.0,3.0,0.24982435632725106,0.4979149167870559,0.701638398563562
392,2.0,1.0,1.0,4.0,1.0,1.0,2.0,1.0,0.6283260283811848,1.0,5.0,3.0,0.4090909090909091,3.0,1.0,1.0,0.9717120879323216,0.09375,3.0,0.41494927403532333,2.0,3.0,0.37473653449087657,0.1735307413370677,0.03630201116800066
393,2.0,2.0,2.0,4.0,1.0,1.0,1.0,2.0,0.993316102013693,1.0,3.0,3.0,0.5,1.0,1.0,1.0,0.6949671042600795,0.96875,2.0,0.12491217816362553,1.0,2.0,0.12491217816362553,0.9338571293611586,0.5458937695489198
394,1.0,2.0,2.0,1.0,1.0,1.0,2.0,2.0,0.6143521058105431,1.0,1.0,3.0,0.13636363636363635,2.0,1.0,1.0,0.9832446120759935,0.34375,1.0,0.12491217816362553,1.0,3.0,0.6735661146289625,0.5696506712596705,0.7781966888583556
395,2.0,2.0,1.0,2.0,1.0,1.0,2.0,1.0,0.43417927743414525,1.0,4.0,4.0,0.5909090909090909,3.0,1.0,1.0,0.9540677203508039,0.53125,2.0,0.12491217816362553,1.0,2.0,0.6819494950193525,0.5517926434568483,0.1611710899325495
396,2.0,1.0,2.0,2.0,1.0,1.0,2.0,2.0,0.13070098600339122,1.0,2.0,5.0,0.3181818181818182,2.0,1.0,1.0,0.4166544386408036,0.09375,1.0,0.5727176527636231,2.0,2.0,0.9935759866714982,0.0042603960141668305,0.9024683460585626
397,2.0,1.0,2.0,3.0,1.0,1.0,3.0,2.0,0.8399191397584053,1.0,2.0,3.0,0.13636363636363635,2.0,1.0,1.0,0.8742954324306036,0.84375,3.0,0.9317738513466036,1.0,1.0,0.8930904860164371,0.36374713315466733,0.9369981562778437
398,1.0,1.0,1.0,1.0,1.0,1.0,1.0,3.0,0.6143521058105431,1.0,2.0,6.0,0.045454545454545456,2.0,1.0,1.0,0.9680938770359906,0.46875,2.0,0.24982435632725106,2.0,1.0,0.12491217816362553,0.11367969462271488,0.29042234645887266
399,2.0,2.0,1.0,4.0,1.0,1.0,2.0,1.0,0.13070098600339122,1.0,1.0,2.0,0.13636363636363635,2.0,1.0,1.0,0.08333088772816072,0.90625,3.0,0.8905342703915394,1.0,2.0,0.6819494950193525,0.1091701074029379,0.6323325267656766
400,1.0,2.0,1.0,1.0,1.0,1.0,2.0,4.0,0.9422826634331711,1.0,4.0,4.0,0.8636363636363636,1.0,1.0,1.0,0.16666177545632144,0.96875,3.0,0.12491217816362553,2.0,3.0,0.8068616731829781,0.7235127777809448,0.8125332636926387
401,1.0,1.0,1.0,2.0,1.0,1.0,2.0,3.0,0.721934993907472,1.0,4.0,5.0,0.7727272727272727,1.0,1.0,1.0,0.16666177545632144,0.28125,1.0,0.12491217816362553,2.0,2.0,0.12491217816362553,0.4742049578649432,0.2293816937160377
402,1.0,2.0,1.0,2.0,1.0,1.0,2.0,1.0,0.9089203146287099,1.0,4.0,4.0,0.8636363636363636,1.0,1.0,1.0,0.08333088772816072,0.46875,3.0,0.12491217816362553,1.0,1.0,0.5398614521989489,0.28841542651895935,0.09294889329074325
403,1.0,2.0,2.0,1.0,1.0,1.0,1.0,1.0,0.7720364250601922,1.0,4.0,2.0,0.5909090909090909,1.0,1.0,1.0,0.21540721992910022,0.78125,1.0,0.475584996356216,1.0,1.0,0.12491217816362553,0.6466727342997772,0.14074290448458907
404,1.0,1.0,1.0,1.0,1.0,1.0,1.0,1.0,0.13070098600339122,1.0,3.0,2.0,0.4090909090909091,1.0,1.0,1.0,0.08333088772816072,0.84375,1.0,0.7049863699070212,2.0,2.0,0.6245608908181276,0.7412560589098109,0.14814695074376708
405,1.0,2.0,1.0,3.0,1.0,1.0,3.0,2.0,0.8399191397584053,1.0,2.0,4.0,0.9545454545454546,2.0,1.0,1.0,0.08333088772816072,0.40625,2.0,0.24982435632725106,2.0,3.0,0.12491217816362553,0.2532653136518176,0.625823751545754
406,1.0,1.0,2.0,4.0,1.0,1.0,2.0,4.0,0.7956373956104248,1.0,2.0,6.0,0.4090909090909091,1.0,1.0,1.0,0.9186192363576167,0.09375,1.0,0.12491217816362553,1.0,1.0,0.7378425704716953,0.0518369968963669,0.48870276662574347
407,2.0,2.0,2.0,2.0,1.0,1.0,2.0,3.0,0.26140197200678245,1.0,3.0,6.0,0.5909090909090909,2.0,1.0,1.0,0.8142668919198591,0.96875,1.0,0.24982435632725106,1.0,1.0,0.6129303923080699,0.5195001332571169,0.8583484200564134
408,2.0,1.0,2.0,2.0,1.0,1.0,2.0,2.0,0.977085730525823,1.0,1.0,1.0,0.13636363636363635,1.0,1.0,1.0,0.08333088772816072,0.46875,2.0,0.12491217816362553,1.0,2.0,0.7494730689817531,0.838003888659776,0.7873540350873456
409,2.0,1.0,2.0,2.0,1.0,1.0,3.0,4.0,0.26140197200678245,1.0,3.0,5.0,0.5909090909090909,1.0,1.0,1.0,0.29873810765726094,0.34375,2.0,0.7120543416834474,1.0,1.0,0.6129303923080699,0.4562386692744719,0.33130544337146767
410,1.0,2.0,1.0,2.0,1.0,1.0,3.0,2.0,0.7299601056362207,1.0,4.0,3.0,0.13636363636363635,1.0,1.0,1.0,0.08333088772816072,0.15625,1.0,0.12491217816362553,2.0,2.0,0.6457865928727441,0.8788512352183037,0.30170740953547376
411,2.0,2.0,2.0,2.0,1.0,1.0,1.0,4.0,0.8064152812554853,1.0,5.0,4.0,0.9545454545454546,1.0,1.0,1.0,0.39169181442540274,0.03125,3.0,0.12491217816362553,2.0,1.0,0.24982435632725106,0.49748181798191965,0.23608550111627227
412,1.0,2.0,1.0,1.0,1.0,1.0,3.0,2.0,0.46855813362943827,1.0,2.0,2.0,0.22727272727272727,3.0,1.0,1.0,0.21540721992910022,0.46875,2.0,0.37473653449087657,1.0,2.0,0.6457865928727441,0.10997113258602086,0.7980383447942048
413,2.0,2.0,1.0,1.0,1.0,1.0,1.0,2.0,0.26140197200678245,1.0,1.0,2.0,0.5909090909090909,2.0,1.0,1.0,0.5461997077034031,0.96875,3.0,0.7804422347126829,2.0,3.0,0.41494927403532333,0.741033712517678,0.10662214142871947
414,2.0,2.0,1.0,3.0,1.0,1.0,2.0,4.0,0.5992591196328295,1.0,2.0,2.0,0.8636363636363636,1.0,1.0,1.0,0.08333088772816072,0.34375,3.0,0.7984782927925881,1.0,3.0,0.37473653449087657,0.06837455608513622,0.2738319659573379
415,2.0,2.0,2.0,2.0,1.0,1.0,2.0,2.0,0.13070098600339122,1.0,3.0,1.0,0.8636363636363636,3.0,1.0,1.0,0.29873810765726094,0.40625,3.0,0.24982435632725106,1.0,1.0,0.7494730689817531,0.12282899558045302,0.14564695331986752
416,1.0,2.0,2.0,1.0,1.0,1.0,3.0,2.0,0.337857147626047,1.0,1.0,6.0,0.4090909090909091,1.0,1.0,1.0,0.9076220049322955,0.46875,1.0,0.32289329643637205,1.0,2.0,0.8597259348185252,0.0033726836078981207,0.36455799351758333
417,2.0,1.0,1.0,1.0,1.0,1.0,3.0,4.0,0.4976250423777936,1.0,3.0,3.0,0.5909090909090909,2.0,1.0,1.0,0.9441219866431957,0.78125,2.0,0.6129303923080699,1.0,2.0,0.24982435632725106,0.008781711823309987,0.9704955048285707
418,2.0,1.0,2.0,4.0,1.0,1.0,2.0,4.0,0.7376575688648993,1.0,2.0,3.0,0.4090909090909091,1.0,1.0,1.0,0.594089482667324,0.34375,1.0,0.24982435632725106,2.0,3.0,0.32289329643637205,0.07317049923561622,0.5102727702644035
419,2.0,1.0,2.0,3.0,1.0,1.0,1.0,1.0,0.337857147626047,1.0,4.0,5.0,0.7727272727272727,2.0,1.0,1.0,0.24999266318448213,0.34375,3.0,0.12491217816362553,2.0,2.0,0.6899601551528175,0.8054624723175039,0.6977275645376092
420,1.0,1.0,1.0,1.0,1.0,1.0,1.0,4.0,0.5450133092487028,1.0,4.0,2.0,0.22727272727272727,2.0,1.0,1.0,0.40060115327940304,0.28125,3.0,0.8403991984910987,2.0,3.0,0.6004971745198415,0.5606767944405328,0.7347217263492162
421,2.0,1.0,1.0,4.0,1.0,1.0,1.0,4.0,0.6283260283811848,1.0,5.0,2.0,0.22727272727272727,2.0,1.0,1.0,0.08333088772816072,0.84375,2.0,0.32289329643637205,2.0,3.0,0.6354860648270869,0.768345046273045,0.34430097094227885
422,1.0,2.0,1.0,4.0,1.0,1.0,2.0,1.0,0.26140197200678245,1.0,2.0,4.0,0.13636363636363635,2.0,1.0,1.0,0.36015010484424237,0.46875,2.0,0.4478054745999976,2.0,1.0,0.5208744147091185,0.5196028608795753,0.45204231925900284
423,1.0,2.0,2.0,2.0,1.0,1.0,3.0,1.0,0.7135530955739849,1.0,1.0,1.0,0.5,2.0,1.0,1.0,0.31727026555124227,0.71875,1.0,0.12491217816362553,1.0,1.0,0.5871421635198218,0.21602730824612582,0.07228409935015027
424,2.0,1.0,1.0,2.0,1.0,1.0,1.0,1.0,0.337857147626047,1.0,1.0,5.0,0.8636363636363636,2.0,1.0,1.0,0.5536384342321632,0.59375,1.0,0.24982435632725106,1.0,3.0,0.9276309061296012,0.6788475961383184,0.7019951929182607
425,1.0,1.0,1.0,4.0,1.0,1.0,3.0,4.0,0.26140197200678245,1.0,1.0,6.0,0.9545454545454546,1.0,1.0,1.0,0.9564517854720043,0.09375,2.0,0.37473653449087657,1.0,3.0,0.24982435632725106,0.6188681354284488,0.7034796000162921
426,2.0,2.0,2.0,3.0,1.0,1.0,1.0,1.0,0.337857147626047,1.0,4.0,4.0,0.7727272727272727,2.0,1.0,1.0,0.8903695876919746,0.78125,3.0,0.9005485232697931,1.0,3.0,0.5727176527636231,0.7286994755765652,0.19628711590527845
427,2.0,2.0,2.0,2.0,1.0,1.0,1.0,4.0,0.26140197200678245,1.0,5.0,6.0,0.5909090909090909,2.0,1.0,1.0,0.7134992621540609,0.71875,2.0,0.9100354599561938,1.0,1.0,0.41494927403532333,0.7045023214318751,0.5204900080056029
428,1.0,1.0,2.0,2.0,1.0,1.0,2.0,1.0,0.8064152812554853,1.0,2.0,2.0,0.3181818181818182,3.0,1.0,1.0,0.29873810765726094,0.15625,2.0,0.12491217816362553,2.0,1.0,0.8369665198470728,0.09429780335151096,0.9912384237161818
429,1.0,1.0,2.0,2.0,1.0,1.0,1.0,2.0,0.39210295801017364,1.0,2.0,6.0,0.8636363636363636,1.0,1.0,1.0,0.5714816443468357,0.53125,2.0,0.7984782927925881,1.0,2.0,0.12491217816362553,0.2085051022847704,0.4585445553886769
430,2.0,1.0,1.0,2.0,1.0,1.0,1.0,2.0,0.43417927743414525,1.0,3.0,1.0,0.045454545454545456,1.0,1.0,1.0,0.3333235509126429,0.34375,2.0,0.9906456752785725,2.0,3.0,0.9876669267989464,0.7979126188605621,0.22711365301586847
431,1.0,1.0,1.0,3.0,1.0,1.0,1.0,3.0,0.5450133092487028,1.0,2.0,5.0,0.5909090909090909,1.0,1.0,1.0,0.9683232336559117,0.09375,2.0,0.6457865928727441,1.0,3.0,0.12491217816362553,0.31561262609765106,0.1761802853326834
432,2.0,1.0,2.0,3.0,1.0,1.0,2.0,4.0,0.26140197200678245,1.0,2.0,3.0,0.045454545454545456,1.0,1.0,1.0,0.7882628341848783,0.09375,3.0,0.37473653449087657,2.0,2.0,0.9831044000653149,0.6780817987739209,0.8883464657159502
433,2.0,1.0,1.0,2.0,1.0,1.0,2.0,3.0,0.5450133092487028,1.0,1.0,3.0,0.9545454545454546,3.0,1.0,1.0,0.16666177545632144,0.28125,1.0,0.8853104211543379,1.0,1.0,0.7984782927925881,0.8720224622829301,0.41429815746844545
434,2.0,1.0,1.0,4.0,1.0,1.0,3.0,4.0,0.5648802634375365,1.0,3.0,2.0,0.13636363636363635,1.0,1.0,1.0,0.6824653508293641,0.65625,3.0,0.4478054745999976,2.0,1.0,0.24982435632725106,0.7911561376553412,0.21409357414257224
435,2.0,1.0,1.0,2.0,1.0,1.0,2.0,3.0,0.9593256324940144,1.0,3.0,4.0,0.22727272727272727,3.0,1.0,1.0,0.08333088772816072,0.03125,3.0,0.4996487126545021,1.0,1.0,0.12491217816362553,0.5788288329617969,0.5496286628572723
436,1.0,2.0,1.0,4.0,1.0,1.0,3.0,3.0,0.13070098600339122,1.0,5.0,1.0,0.3181818181818182,2.0,1.0,1.0,0.5326774854803425,0.78125,2.0,0.12491217816362553,2.0,3.0,0.12491217816362553,0.9022424441831155,0.9199550740666421
437,2.0,2.0,1.0,1.0,1.0,1.0,3.0,1.0,0.7135530955739849,1.0,3.0,5.0,0.7727272727272727,3.0,1.0,1.0,0.8732893925976034,0.28125,2.0,0.12491217816362553,2.0,1.0,0.12491217816362553,0.09964667196987606,0.5048107420851806
438,1.0,2.0,2.0,1.0,1.0,1.0,2.0,2.0,0.8484916006794568,1.0,3.0,5.0,0.045454545454545456,1.0,1.0,1.0,0.08333088772816072,0.84375,3.0,0.4996487126545021,2.0,3.0,0.8535111748218039,0.8768381822248966,0.27613480539316687
439,1.0,2.0,1.0,1.0,1.0,1.0,1.0,2.0,0.337857147626047,1.0,5.0,5.0,0.13636363636363635,1.0,1.0,1.0,0.08333088772816072,0.59375,1.0,0.8369665198470728,1.0,3.0,0.9029674881797677,0.04972736759941032,0.07133272545002356
440,1.0,2.0,1.0,1.0,1.0,1.0,1.0,3.0,0.9058542037499878,1.0,1.0,6.0,0.5909090909090909,3.0,1.0,1.0,0.7208998172081462,0.53125,2.0,0.32289329643637205,1.0,2.0,0.12491217816362553,0.38429603737097684,0.1629675071722215
441,1.0,2.0,1.0,1.0,1.0,1.0,1.0,2.0,0.39210295801017364,1.0,2.0,3.0,0.13636363636363635,3.0,1.0,1.0,0.5755573247733425,0.21875,3.0,0.41494927403532333,1.0,2.0,0.7656220922279139,0.36123486027278073,0.7375910449235267
442,2.0,1.0,1.0,1.0,1.0,1.0,3.0,2.0,0.26140197200678245,1.0,1.0,5.0,0.5909090909090909,3.0,1.0,1.0,0.16666177545632144,0.34375,2.0,0.475584996356216,2.0,1.0,0.37473653449087657,0.4347399842466376,0.962850012253083
443,2.0,2.0,1.0,1.0,1.0,1.0,3.0,2.0,0.13070098600339122,1.0,1.0,6.0,0.7727272727272727,1.0,1.0,1.0,0.16666177545632144,0.15625,2.0,0.6457865928727441,2.0,2.0,0.475584996356216,0.5146935687316727,0.07593112880371944
444,2.0,2.0,2.0,4.0,1.0,1.0,2.0,4.0,0.8484916006794568,1.0,5.0,1.0,0.7727272727272727,3.0,1.0,1.0,0.29873810765726094,0.28125,2.0,0.4478054745999976,2.0,3.0,0.6354860648270869,0.29966690639254556,0.5703353442370633
445,1.0,2.0,1.0,4.0,1.0,1.0,1.0,2.0,0.5228039440135649,1.0,4.0,5.0,0.13636363636363635,1.0,1.0,1.0,0.4922264370451819,0.03125,1.0,0.41494927403532333,2.0,1.0,0.24982435632725106,0.24681747471406365,0.5279419716918756
446,1.0,1.0,1.0,3.0,1.0,1.0,3.0,2.0,0.6283260283811848,1.0,1.0,3.0,0.3181818181818182,1.0,1.0,1.0,0.9179243150095266,0.59375,3.0,0.24982435632725106,2.0,1.0,0.9686798893091162,0.19840962828249517,0.36045232629239504
447,1.0,1.0,1.0,4.0,1.0,1.0,2.0,1.0,0.13070098600339122,1.0,2.0,2.0,0.5,3.0,1.0,1.0,0.8363232565280236,0.59375,1.0,0.6976298309272486,1.0,3.0,0.8225420090908742,0.04608390968448772,0.38955705247918715
448,1.0,2.0,1.0,4.0,1.0,1.0,3.0,1.0,0.926338381613816,1.0,2.0,3.0,0.9545454545454546,2.0,1.0,1.0,0.21540721992910022,0.21875,1.0,0.24982435632725106,2.0,2.0,0.24982435632725106,0.1988253606764937,0.36488014779877376
449,2.0,1.0,1.0,4.0,1.0,1.0,3.0,4.0,0.13070098600339122,1.0,1.0,5.0,0.6818181818181818,3.0,1.0,1.0,0.9290124504095271,0.21875,2.0,0.12491217816362553,2.0,1.0,0.12491217816362553,0.5432209335958049,0.1827008227415948
450,2.0,1.0,2.0,4.0,1.0,1.0,3.0,4.0,0.4976250423777936,1.0,4.0,6.0,0.5909090909090909,1.0,1.0,1.0,0.4434809925724031,0.53125,1.0,0.12491217816362553,2.0,2.0,0.12491217816362553,0.024630969461349687,0.011812217844396825
